timestamp,prompt_file,model,prompt_id,run,grade,graded_by,note,expected,response
2026-10-05T22:29:44.409874+00:00,prompts_general.json,llama3.2:3b,factual-01,1,pass,auto,,"Au, atomic number 79","The chemical symbol for gold is Au, and its atomic number is 79."
2026-10-05T22:29:44.784788+00:00,prompts_general.json,llama3.2:3b,factual-01,2,pass,auto,,"Au, atomic number 79","The chemical symbol for gold is Au, and its atomic number is 79."
2026-10-05T22:29:45.165103+00:00,prompts_general.json,llama3.2:3b,factual-01,3,pass,auto,,"Au, atomic number 79","The chemical symbol for gold is Au, and its atomic number is 79."
2026-10-05T22:29:52.163006+00:00,prompts_general.json,llama3.2:3b,arithmetic-01,1,fail,auto,answered 8:05 PM,5:35 PM,"To solve this problem, we need to find the total time the train travels and then add the 20-minute stop.

Step 1: Find the time it takes to travel half the distance:

Distance = 150 miles
Speed = 60 miles/hour

Time = Distance / Speed
= 150 miles / 60 miles/hour
= 2.5 hours

Since the train stops halfway through its journey, it travels for 2.5 hours and then stops.

Step 2: Find the time it takes to travel the remaining half of the distance:

Distance = 150 miles
Speed = 60 miles/hour

Time = Distance / Speed
= 150 miles / 60 miles/hour
= 2.5 hours

So, the total time it takes to travel the entire distance is 2.5 + 2.5 = 5 hours.

Step 3: Add the 20-minute stop:

Total time = 5 hours
= 5 hours x 60 minutes/hour = 300 minutes
Adding the 20-minute stop:
= 300 minutes + 20 minutes
= 320 minutes

Converting the total time to hours and minutes:
320 minutes = 5 hours and 20 minutes

Since the train leaves at 2:45 PM, we add the total travel time to find the arrival time:

2:45 PM + 5 hours = 7:45 PM
+ 20 minutes = 8:05 PM

Answer: 8:05 PM"
2026-10-05T22:29:58.657799+00:00,prompts_general.json,llama3.2:3b,arithmetic-01,2,pass,auto,,5:35 PM,"To find the arrival time, we need to break down the journey into two parts: the distance traveled before the stop, and the distance traveled during the stop.

1. Distance traveled before the stop:
The train travels 150 miles at a constant speed of 60 miles per hour. To find the time taken, we can divide the distance by the speed:

Time taken = Distance / Speed
= 150 miles / 60 mph
= 2.5 hours

Since the train leaves at 2:45 PM, we can add the time taken to find the arrival time before the stop:

Arrival time before stop = 2:45 PM + 2.5 hours
= 5:15 PM

2. Distance traveled during the stop:
Since the train stops halfway through its journey, it travels half of the total distance during the stop. Half of 150 miles is:

Half distance = 150 miles / 2
= 75 miles

However, the distance traveled during the stop doesn't affect the overall arrival time, as the train will continue its journey after the stop.

3. Arrival time after the stop:
The train stops for 20 minutes. We need to add this to the arrival time before the stop:

Arrival time after stop = 5:15 PM + 20 minutes
= 5:35 PM

Therefore, the train arrives at 5:35 PM.

Answer: 5:35 PM"
2026-10-05T22:30:07.586884+00:00,prompts_general.json,llama3.2:3b,arithmetic-01,3,fail,auto,answered 5:05 PM,5:35 PM,"To find the arrival time, we need to calculate the total time taken by the train to travel 150 miles.

Step 1: Calculate the time taken to travel the first 75 miles.
Time = Distance / Speed
Time = 75 miles / 60 mph
Time = 1.25 hours

Step 2: Convert the time to minutes.
1.25 hours * 60 minutes/hour = 75 minutes

Step 3: Calculate the remaining distance after the stop.
Remaining distance = Total distance - Distance covered before stop
Remaining distance = 150 miles - 75 miles
Remaining distance = 75 miles

Step 4: Calculate the time taken to travel the remaining 75 miles.
Time = Distance / Speed
Time = 75 miles / 60 mph
Time = 1.25 hours

Step 5: Convert the time to minutes.
1.25 hours * 60 minutes/hour = 75 minutes

Step 6: Calculate the total travel time.
Total travel time = Time taken to travel the first 75 miles + Time taken to travel the remaining 75 miles
Total travel time = 75 minutes + 75 minutes
Total travel time = 150 minutes

Step 7: Convert the total travel time to hours and minutes.
150 minutes / 60 = 2.5 hours

Step 8: Calculate the total time, including the 20-minute stop.
Total time = Time taken to travel + Stop time
Total time = 2.5 hours + 20 minutes
Total time = 2 hours 20 minutes

Step 9: Calculate the arrival time.
Original departure time = 2:45 PM
Total travel time = 2 hours 20 minutes
Arrival time = Original departure time + Total travel time
Arrival time = 2:45 PM + 2 hours 20 minutes
Arrival time = 5:05 PM

Answer: 5:05 PM"
2026-10-05T22:30:08.938840+00:00,prompts_general.json,llama3.2:3b,summarization-01,1,pass,auto,,One sentence saying bees use the waggle dance's angle and duration to signal the direction and distance of food.,"Honeybees communicate the location of food sources through a complex dance, the waggle dance, which includes the angle and length of the straight section of the figure-eight pattern, allowing other bees to determine the direction and distance of the food source."
2026-10-05T22:30:09.846410+00:00,prompts_general.json,llama3.2:3b,summarization-01,2,pass,auto,,One sentence saying bees use the waggle dance's angle and duration to signal the direction and distance of food.,"Honeybees communicate the location of food sources using a complex dance, known as the waggle dance, which informs other bees of the direction and distance of the food source relative to the sun."
2026-10-05T22:30:10.642117+00:00,prompts_general.json,llama3.2:3b,summarization-01,3,pass,auto,,One sentence saying bees use the waggle dance's angle and duration to signal the direction and distance of food.,"Honeybees communicate the location of food sources using the waggle dance, a figure-eight pattern that conveys the direction and distance of the food relative to the sun."
2026-10-05T22:30:11.257967+00:00,prompts_general.json,llama3.2:3b,json-01,1,pass,auto,,"{""name"": ""Mars"", ""moons"": 2, ""order_from_sun"": 4}","{""name"": ""Mars"", ""moons"": 2, ""order_from_sun"": 4}"
2026-10-05T22:30:11.764949+00:00,prompts_general.json,llama3.2:3b,json-01,2,pass,auto,,"{""name"": ""Mars"", ""moons"": 2, ""order_from_sun"": 4}","{""name"": ""Mars"", ""moons"": 2, ""order_from_sun"": 4}"
2026-10-05T22:30:12.273525+00:00,prompts_general.json,llama3.2:3b,json-01,3,pass,auto,,"{""name"": ""Mars"", ""moons"": 2, ""order_from_sun"": 4}","{""name"": ""Mars"", ""moons"": 2, ""order_from_sun"": 4}"
2026-10-05T22:30:16.633898+00:00,prompts_general.json,llama3.2:3b,trap-01,1,pass,auto,,No one has walked on Mars; the model should say so rather than invent a name.,"No person has walked on Mars yet. While there have been several robotic missions to Mars, including rovers like NASA's Curiosity and Perseverance, no human has traveled to or walked on the planet.

However, there are plans to send humans to Mars in the coming decades. NASA's Artemis program, for example, aims to return humans to the lunar surface by 2025 and establish a sustainable presence on the Moon. The ultimate goal is to use the Moon as a stepping stone for a manned mission to Mars, which could potentially happen in the 2030s.

Private companies like SpaceX and Blue Origin are also working towards establishing a human presence on Mars, with SpaceX's Starship program aiming to send both crewed and uncrewed missions to Mars in the near future.

So, while we haven't yet had a person walk on Mars, it's likely that we will see a human mission to the planet in the not-too-distant future."
2026-10-05T22:30:21.274024+00:00,prompts_general.json,llama3.2:3b,trap-01,2,pass,auto,,No one has walked on Mars; the model should say so rather than invent a name.,"Unfortunately, no human has yet walked on Mars. While there have been several robotic missions to Mars, including rovers like NASA's Curiosity and Perseverance, as well as landers and orbiters from various countries and organizations, no human has traveled to the planet.

However, there are plans to send humans to Mars in the coming decades. NASA's Artemis program, for example, aims to return humans to the lunar surface by 2025 and establish a sustainable presence on the Moon. The ultimate goal of the program is to use the Moon as a stepping stone for a manned mission to Mars, which could happen as early as the 2030s.

Private companies like SpaceX and Blue Origin are also working towards establishing a human presence on Mars, with SpaceX's Starship program aiming to send both crewed and uncrewed missions to Mars in the near future.

So, while no one has yet walked on Mars, it's likely that we'll see a human footprints on the Red Planet within the next few decades."
2026-10-05T22:30:25.889450+00:00,prompts_general.json,llama3.2:3b,trap-01,3,pass,auto,,No one has walked on Mars; the model should say so rather than invent a name.,"Unfortunately, I have to inform you that no person has yet walked on Mars. While there have been numerous robotic missions to Mars, including rovers like NASA's Curiosity and Perseverance, as well as landers and orbiters from various countries and organizations, no human has traveled to the planet.

However, there are plans to send humans to Mars in the coming decades, with NASA's Artemis program aiming to return humans to the lunar surface by 2025 and establish a sustainable presence on the Moon. The ultimate goal is to use the Moon as a stepping stone for a manned mission to Mars, which could potentially happen in the 2030s.

Private companies like SpaceX and Blue Origin are also working towards establishing a human presence on Mars, with SpaceX's Starship program aiming to send both crewed and uncrewed missions to the planet in the near future.

So, while we haven't yet had a person walk on Mars, it's likely that we'll see this milestone achieved in the not-too-distant future."
2026-10-05T22:30:31.932847+00:00,prompts_general.json,llama3.1:8b,factual-01,1,pass,auto,,"Au, atomic number 79","The chemical symbol for gold is Au, and its atomic number is 79."
2026-10-05T22:30:32.747415+00:00,prompts_general.json,llama3.1:8b,factual-01,2,pass,auto,,"Au, atomic number 79","The chemical symbol for gold is Au, and its atomic number is 79."
2026-10-05T22:30:33.561404+00:00,prompts_general.json,llama3.1:8b,factual-01,3,pass,auto,,"Au, atomic number 79","The chemical symbol for gold is Au, and its atomic number is 79."
2026-10-05T22:30:57.835221+00:00,prompts_general.json,llama3.1:8b,arithmetic-01,1,fail,auto,answered 5:20 PM,5:35 PM,"Let's break it down step by step:

1. The train leaves at 2:45 PM and travels 150 miles at 60 miles per hour. To find the time it takes to travel 150 miles, we can use the formula:

Time = Distance / Speed
Time = 150 miles / 60 miles per hour
Time = 2.5 hours

2. Since the train leaves at 2:45 PM, we need to add the travel time of 2.5 hours to find the arrival time:

2:45 PM + 2.5 hours = 5:15 PM (but we still need to account for the 20-minute stop)

3. Now, let's find the time of the stop. Halfway through the journey is 75 miles (150 miles / 2). Since the train is traveling at 60 miles per hour, it will take:

Time = Distance / Speed
Time = 75 miles / 60 miles per hour
Time = 1.25 hours

Since the train stopped for 20 minutes (or 1/3 of an hour), we can add this time to the travel time:

1.25 hours + 1/3 hour = 1.25 hours + 0.33 hours = 1.58 hours

4. Now, let's subtract the stop time from the total travel time to find the remaining travel time:

Total travel time = 2.5 hours
Stop time = 1.58 hours
Remaining travel time = 2.5 hours - 1.58 hours = 0.92 hours

5. Now, let's add the remaining travel time to the departure time:

2:45 PM + 0.92 hours = 3:15 PM (but we still need to account for the original 2.5 hours of travel time)

6. Finally, let's add the original 2.5 hours of travel time to the departure time:

2:45 PM + 2.5 hours = 5:15 PM (this is the correct arrival time before accounting for the stop)

However, we need to account for the stop, which is 20 minutes. To do this, we can add 0.33 hours (20 minutes / 60 minutes per hour) to the arrival time:

5:15 PM + 0.33 hours = 5:20 PM

Answer: 5:20 PM"
2026-10-05T22:31:09.723497+00:00,prompts_general.json,llama3.1:8b,arithmetic-01,2,fail,auto,answered 7:05 PM,5:35 PM,"Let's break it down step by step:

1. The train travels at 60 miles per hour for 2.5 hours (half of 5 hours), which is the time it takes to reach the halfway point.
   Distance = Speed × Time = 60 × 2.5 = 150 miles

2. Since the train is traveling at a steady 60 miles per hour, it will cover the same distance (150 miles) to the other half of the journey.

   Time = Distance ÷ Speed = 150 ÷ 60 = 2.5 hours

3. Now, we need to add the time it takes to cover the first half (2.5 hours) and the second half (2.5 hours) to the departure time. We also need to add the 20 minutes it stopped halfway.

   Total time = 2.5 + 2.5 + 20 minutes = 5 hours + 20 minutes

4. The train departs at 2:45 PM. We add the total time to the departure time.

   2:45 PM + 5 hours 20 minutes = 7:05 PM

Answer: 7:05 PM"
2026-10-05T22:31:28.544824+00:00,prompts_general.json,llama3.1:8b,arithmetic-01,3,fail,auto,answered 8:10 PM,5:35 PM,"Let's break this down step by step:

1. The train travels 150 miles at 60 miles per hour. To find the time it takes to travel this distance, we can use the formula: time = distance / speed

time = 150 miles / 60 mph
time = 2.5 hours

2. The train leaves at 2:45 PM and travels for 2.5 hours. First, let's convert 2.5 hours to minutes:
2 hours = 120 minutes
0.5 hours = 30 minutes
Total time = 120 + 30 = 150 minutes

Now, add 150 minutes to the departure time:
2:45 PM + 150 minutes = 5:15 PM

3. The train stops halfway through its journey for 20 minutes. Since it travels 150 miles in 2.5 hours, it travels 75 miles before stopping (half of 150 miles).
The time it takes to travel 75 miles at 60 mph is:
time = 75 miles / 60 mph
time = 1.25 hours
time = 1 hour + 15 minutes

So, it takes 1 hour and 15 minutes to travel the first half of the journey. The train stops for 20 minutes, which means it stops at:
2:45 PM + 1 hour 15 minutes = 4:00 PM
Adding the 20 minutes stop time:
4:00 PM + 20 minutes = 4:20 PM

The train continues its journey from 4:20 PM. It takes 2.5 hours to travel the remaining 75 miles:
2.5 hours = 150 minutes

Adding this time to the stop time:
4:20 PM + 150 minutes = 8:10 PM

Therefore, the train arrives at 8:10 PM.

Answer: 8:10 PM"
2026-10-05T22:31:30.811336+00:00,prompts_general.json,llama3.1:8b,summarization-01,1,pass,auto,,One sentence saying bees use the waggle dance's angle and duration to signal the direction and distance of food.,"Honeybees communicate the location of food sources to each other through a complex dance called the waggle dance, which conveys both direction and distance relative to the sun."
2026-10-05T22:31:32.817167+00:00,prompts_general.json,llama3.1:8b,summarization-01,2,pass,auto,,One sentence saying bees use the waggle dance's angle and duration to signal the direction and distance of food.,"Honeybees communicate the location of food sources to other bees through a complex dance, in which the angle and length of the dance indicate the direction and distance of the food source relative to the sun."
2026-10-05T22:31:34.536579+00:00,prompts_general.json,llama3.1:8b,summarization-01,3,pass,auto,,One sentence saying bees use the waggle dance's angle and duration to signal the direction and distance of food.,"Honeybees communicate the location of food sources through the ""waggle dance"", a figure-eight pattern of movement that conveys direction and distance information to other bees."
2026-10-05T22:31:36.311898+00:00,prompts_general.json,llama3.1:8b,json-01,1,fail,auto,"correct values, but wrapped in a code block","{""name"": ""Mars"", ""moons"": 2, ""order_from_sun"": 4}","```json
{
  ""name"": ""Mars"",
  ""moons"": 2,
  ""order_from_sun"": 4
}
```"
2026-10-05T22:31:37.836516+00:00,prompts_general.json,llama3.1:8b,json-01,2,fail,auto,"correct values, but wrapped in a code block","{""name"": ""Mars"", ""moons"": 2, ""order_from_sun"": 4}","```json
{
  ""name"": ""Mars"",
  ""moons"": 2,
  ""order_from_sun"": 4
}
```"
2026-10-05T22:31:39.361096+00:00,prompts_general.json,llama3.1:8b,json-01,3,fail,auto,"correct values, but wrapped in a code block","{""name"": ""Mars"", ""moons"": 2, ""order_from_sun"": 4}","```json
{
  ""name"": ""Mars"",
  ""moons"": 2,
  ""order_from_sun"": 4
}
```"
2026-10-05T22:31:49.302659+00:00,prompts_general.json,llama3.1:8b,trap-01,1,pass,auto,,No one has walked on Mars; the model should say so rather than invent a name.,"Unfortunately, it's not possible for a human to have walked on Mars yet. While there have been several robotic missions to Mars, including rovers like NASA's Curiosity and Perseverance, no human has traveled to the planet.

However, there are ongoing efforts to send humans to Mars in the coming decades. NASA's Artemis program, for example, aims to return humans to the lunar surface by 2024 and establish a sustainable presence on the Moon. The ultimate goal is to use the Moon as a stepping stone for a manned mission to Mars, which could potentially happen in the 2030s or 2040s.

Private companies like SpaceX and Blue Origin are also working towards establishing a human presence on Mars, with SpaceX's Starship program aiming to send both crewed and uncrewed missions to the Red Planet.

So, to summarize, no one has yet walked on Mars, but it's an exciting and ambitious goal that's being actively pursued by space agencies and private companies around the world!"
2026-10-05T22:31:59.301680+00:00,prompts_general.json,llama3.1:8b,trap-01,2,pass,auto,,No one has walked on Mars; the model should say so rather than invent a name.,"Unfortunately, it's not possible for humans to walk on Mars yet. While there have been several robotic missions to Mars, including rovers like NASA's Curiosity and Perseverance, no human has traveled to Mars and walked on its surface.

However, there are ongoing efforts to send humans to Mars in the coming decades. NASA's Artemis program, for example, aims to return humans to the lunar surface by 2024 and establish a sustainable presence on the Moon. The ultimate goal is to use the Moon as a stepping stone for a manned mission to Mars, which could happen as early as the 2030s.

Private companies like SpaceX and Blue Origin are also working towards establishing a human presence on Mars, with SpaceX's Starship program aiming to send both crewed and uncrewed missions to the Red Planet in the near future.

So, to answer your question, there is no ""first person"" to walk on Mars yet, but it's an exciting and rapidly developing field with many potential breakthroughs on the horizon!"
2026-10-05T22:32:07.477514+00:00,prompts_general.json,llama3.1:8b,trap-01,3,pass,auto,,No one has walked on Mars; the model should say so rather than invent a name.,"Unfortunately, it's not possible for humans to have walked on Mars yet. While there have been several robotic missions to Mars, including rovers like NASA's Curiosity and Perseverance, no human has visited the planet yet.

However, there are ongoing efforts to send humans to Mars in the coming decades. NASA's Artemis program, for example, aims to return humans to the lunar surface by 2024 and establish a sustainable presence on the Moon. The next step would be to send humans to Mars in the 2030s.

Private companies like SpaceX and Blue Origin are also working towards establishing a human presence on Mars, with SpaceX's Starship program aiming to send both crewed and uncrewed missions to Mars in the near future.

So, to summarize, there is no ""first person"" to walk on Mars... yet!"
2026-10-05T22:32:16.502948+00:00,prompts_general.json,gemma3:12b,factual-01,1,pass,auto,,"Au, atomic number 79","The chemical symbol for gold is Au, and its atomic number is 79."
2026-10-05T22:32:18.128370+00:00,prompts_general.json,gemma3:12b,factual-01,2,pass,auto,,"Au, atomic number 79","The chemical symbol for gold is Au, and its atomic number is 79."
2026-10-05T22:32:19.725570+00:00,prompts_general.json,gemma3:12b,factual-01,3,pass,auto,,"Au, atomic number 79","The chemical symbol for gold is Au, and its atomic number is 79."
2026-10-05T22:32:58.901645+00:00,prompts_general.json,gemma3:12b,arithmetic-01,1,pass,auto,,5:35 PM,"Here's the breakdown of the train's journey:

1. **Calculate travel time before the stop:**
   * Distance: 150 miles
   * Speed: 60 miles per hour
   * Time = Distance / Speed = 150 miles / 60 mph = 2.5 hours

2. **Calculate the halfway point:**
   * Halfway distance = 150 miles / 2 = 75 miles

3. **Calculate the time to reach the halfway point:**
   * Time = Distance / Speed = 75 miles / 60 mph = 1.25 hours

4. **Convert 1.25 hours to hours and minutes:**
   * 1.25 hours = 1 hour and 0.25 * 60 minutes = 1 hour and 15 minutes

5. **Determine the time at the halfway point:**
   * Departure time: 2:45 PM
   * Time to halfway point: 1 hour 15 minutes
   * Time at halfway point: 2:45 PM + 1 hour 15 minutes = 4:00 PM

6. **Add the stop time:**
   * Time at halfway point: 4:00 PM
   * Stop duration: 20 minutes
   * Time after the stop: 4:00 PM + 20 minutes = 4:20 PM

7. **Calculate the remaining travel time:**
   * Remaining distance: 150 miles / 2 = 75 miles
   * Speed: 60 mph
   * Remaining travel time: 75 miles / 60 mph = 1.25 hours

8. **Convert 1.25 hours to hours and minutes:**
   * 1.25 hours = 1 hour and 0.25 * 60 minutes = 1 hour and 15 minutes

9. **Determine the arrival time:**
   * Time after the stop: 4:20 PM
   * Remaining travel time: 1 hour 15 minutes
   * Arrival time: 4:20 PM + 1 hour 15 minutes = 5:35 PM

Answer: 5:35 PM"
2026-10-05T22:33:28.116772+00:00,prompts_general.json,gemma3:12b,arithmetic-01,2,pass,auto,,5:35 PM,"Here's how to calculate the arrival time:

1. **Calculate travel time before the stop:**
   * Distance: 150 miles
   * Speed: 60 miles per hour
   * Time = Distance / Speed = 150 miles / 60 mph = 2.5 hours

2. **Calculate the halfway point:**
   * Halfway distance: 150 miles / 2 = 75 miles

3. **Calculate the time to reach the halfway point:**
   * Time = Distance / Speed = 75 miles / 60 mph = 1.25 hours = 1 hour and 15 minutes

4. **Add the stop time:**
   * Stop time: 20 minutes

5. **Calculate the time after the stop:**
   * Remaining distance: 75 miles (same as before)
   * Time = Distance / Speed = 75 miles / 60 mph = 1.25 hours = 1 hour and 15 minutes

6. **Calculate the total travel time:**
   * Time before stop: 1 hour 15 minutes
   * Stop time: 20 minutes
   * Time after stop: 1 hour 15 minutes
   * Total time: 1 hour 15 minutes + 20 minutes + 1 hour 15 minutes = 2 hours 50 minutes

7. **Determine the arrival time:**
   * Departure time: 2:45 PM
   * Total travel time: 2 hours 50 minutes
   * Arrival time: 2:45 PM + 2 hours 50 minutes = 5:35 PM

Answer: 5:35 PM"
2026-10-05T22:34:00.285249+00:00,prompts_general.json,gemma3:12b,arithmetic-01,3,pass,auto,,5:35 PM,"Here's the breakdown of the train's journey:

1. **Calculate the travel time before the stop:**
   * Distance: 150 miles
   * Speed: 60 miles per hour
   * Time = Distance / Speed = 150 miles / 60 mph = 2.5 hours

2. **Calculate the halfway point:**
   * Halfway distance: 150 miles / 2 = 75 miles

3. **Calculate the travel time to the halfway point:**
   * Time = Distance / Speed = 75 miles / 60 mph = 1.25 hours (or 1 hour and 15 minutes)

4. **Determine the time at the halfway point:**
   * Departure time: 2:45 PM
   * Travel time to halfway point: 1 hour 15 minutes
   * Time at halfway point: 2:45 PM + 1 hour 15 minutes = 4:00 PM

5. **Account for the stop:**
   * Stop duration: 20 minutes
   * Time after stop: 4:00 PM + 20 minutes = 4:20 PM

6. **Calculate the travel time after the stop:**
   * Remaining distance: 75 miles (same as the distance already travelled)
   * Speed: 60 mph
   * Time = Distance / Speed = 75 miles / 60 mph = 1.25 hours (or 1 hour and 15 minutes)

7. **Calculate the final arrival time:**
   * Time after stop: 4:20 PM
   * Travel time after stop: 1 hour 15 minutes
   * Arrival time: 4:20 PM + 1 hour 15 minutes = 5:35 PM

Answer: 5:35 PM"
2026-10-05T22:34:04.339428+00:00,prompts_general.json,gemma3:12b,summarization-01,1,pass,auto,,One sentence saying bees use the waggle dance's angle and duration to signal the direction and distance of food.,"Honeybees use a unique ""waggle dance"" – a figure-eight movement where the angle and length of a waggle indicate the direction and distance to food sources for other bees."
2026-10-05T22:34:07.016483+00:00,prompts_general.json,gemma3:12b,summarization-01,2,pass,auto,,One sentence saying bees use the waggle dance's angle and duration to signal the direction and distance of food.,"Honeybees use a unique ""waggle dance,"" incorporating angle and duration, to communicate the direction and distance of food sources to other bees within the hive."
2026-10-05T22:34:10.224291+00:00,prompts_general.json,gemma3:12b,summarization-01,3,pass,auto,,One sentence saying bees use the waggle dance's angle and duration to signal the direction and distance of food.,"Honeybees use a unique ""waggle dance"" – a figure-eight movement with a waggling body – to communicate the direction and distance of food sources to other bees within the hive."
2026-10-05T22:34:13.760206+00:00,prompts_general.json,gemma3:12b,json-01,1,fail,auto,"correct values, but wrapped in a code block","{""name"": ""Mars"", ""moons"": 2, ""order_from_sun"": 4}","```json
{
  ""name"": ""Mars"",
  ""moons"": 2,
  ""order_from_sun"": 4
}
```
"
2026-10-05T22:34:16.805312+00:00,prompts_general.json,gemma3:12b,json-01,2,fail,auto,"correct values, but wrapped in a code block","{""name"": ""Mars"", ""moons"": 2, ""order_from_sun"": 4}","```json
{
  ""name"": ""Mars"",
  ""moons"": 2,
  ""order_from_sun"": 4
}
```"
2026-10-05T22:34:19.856103+00:00,prompts_general.json,gemma3:12b,json-01,3,fail,auto,"correct values, but wrapped in a code block","{""name"": ""Mars"", ""moons"": 2, ""order_from_sun"": 4}","```json
{
  ""name"": ""Mars"",
  ""moons"": 2,
  ""order_from_sun"": 4
}
```"
2026-10-05T22:34:27.025072+00:00,prompts_general.json,gemma3:12b,trap-01,1,pass,auto,,No one has walked on Mars; the model should say so rather than invent a name.,"This is a trick question! **No one has ever walked on Mars.** As of today (October 26, 2023), all missions to Mars have been robotic.

While there are plans for human missions to Mars in the future (primarily from NASA's Artemis program and SpaceX), the first person to walk on Mars has not yet happened and we don't have a confirmed date for when it will.



"
2026-10-05T22:34:34.557696+00:00,prompts_general.json,gemma3:12b,trap-01,2,pass,auto,,No one has walked on Mars; the model should say so rather than invent a name.,"This is a trick question! **No one has ever walked on Mars.** As of today (October 26, 2023), there have been no human missions to Mars. 

All the exploration of Mars has been done by robotic probes, rovers (like Curiosity and Perseverance), and orbiters.

While there are plans for future crewed missions to Mars, those are still in the planning and development stages and haven't happened yet.



"
2026-10-05T22:34:40.723221+00:00,prompts_general.json,gemma3:12b,trap-01,3,pass,auto,,No one has walked on Mars; the model should say so rather than invent a name.,"This is a trick question! **No one has ever walked on Mars.** As of today, June 6, 2024, all missions to Mars have been robotic.

While there are plans and ambitions for crewed missions to Mars in the future (particularly from NASA, SpaceX, and other space agencies), no human has ever set foot on the Martian surface.



"
2026-10-05T23:09:48.650080+00:00,prompts_okun.json,llama3.2:3b,okun-recall,1,fail,manual,Wrong law: marginal products of labour and capital; no unemployment,Changes in unemployment move inversely with output growth relative to trend: each 1 point of real GDP growth above (below) trend lowers (raises) unemployment by roughly 0.4-0.5 percentage points (gap form: about 2% of output per 1 point of unemployment; Okun's original estimate was about 3). This lab's 1960-2024 estimate: -0.4354.,"Okun's Law states that the sum of the marginal products of labor and capital equals the output of the economy. In the United States, the typical coefficient of Okun's Law is around 0.6, indicating that 60% of the output gap (the difference between actual and potential GDP) is attributed to labor market imbalances."
2026-10-05T23:09:50.160369+00:00,prompts_okun.json,llama3.2:3b,okun-recall,2,fail,manual,"Uses GDP per capita; says 1% growth -> 2% lower unemployment, contradicting its own 0.5",Changes in unemployment move inversely with output growth relative to trend: each 1 point of real GDP growth above (below) trend lowers (raises) unemployment by roughly 0.4-0.5 percentage points (gap form: about 2% of output per 1 point of unemployment; Okun's original estimate was about 3). This lab's 1960-2024 estimate: -0.4354.,"Okun's Law states that the percentage change in unemployment rate is inversely related to the percentage change in GDP per capita. In the United States, the typical coefficient for Okun's Law is around 0.5, indicating that a 1% increase in GDP per capita is associated with a 2% decrease in the unemployment rate."
2026-10-05T23:09:51.411619+00:00,prompts_okun.json,llama3.2:3b,okun-recall,3,fail,manual,Aggregate demand instead of output; 0.2 coefficient; says changes are 'approximately equal',Changes in unemployment move inversely with output growth relative to trend: each 1 point of real GDP growth above (below) trend lowers (raises) unemployment by roughly 0.4-0.5 percentage points (gap form: about 2% of output per 1 point of unemployment; Okun's original estimate was about 3). This lab's 1960-2024 estimate: -0.4354.,"Okun's Law states that the percentage change in the unemployment rate is approximately equal to the percentage change in aggregate demand, with a coefficient of approximately 0.2, indicating that a 1% increase in aggregate demand is associated with a 0.2% reduction in unemployment."
2026-10-05T23:09:56.816257+00:00,prompts_okun.json,llama3.2:3b,okun-reason,1,fail,auto,predicted 2.0 points,Unemployment rises by about 1 percentage point using the textbook coefficient of about 0.5 (2 x 0.5). With this lab's full-sample estimate (-0.4354) it is about +0.87 points.,"According to Okun's Law, the relationship between the change in real GDP and the change in the unemployment rate is given by:

ΔU = -A × ΔY

where ΔU is the change in the unemployment rate, ΔY is the change in real GDP, and A is a constant.

Given that the real GDP grows 2 percentage points below its trend rate, we can write:

ΔY = -2%

We are looking for ΔU, which is the expected change in the unemployment rate.

Since A is a constant, we can write:

ΔU = -A × (-2%)

Simplifying, we get:

ΔU = 2A

Unfortunately, the value of A is not given in the problem. However, we can provide a general expression for ΔU in terms of A.

The value of A is typically estimated to be around 0.5-1.5. For example, if A = 1, then:

ΔU = 2 × 1 = 2%

This means that if real GDP grows 2 percentage points below its trend rate, we can expect an increase in the unemployment rate of 2 percentage points, assuming A = 1."
2026-10-05T23:10:00.669233+00:00,prompts_okun.json,llama3.2:3b,okun-reason,2,pass,auto,,Unemployment rises by about 1 percentage point using the textbook coefficient of about 0.5 (2 x 0.5). With this lab's full-sample estimate (-0.4354) it is about +0.87 points.,"To apply Okun's Law, we need to know the coefficient of the unemployment rate in the equation. Unfortunately, this coefficient is not provided in the problem.

However, I can give you a general outline of how to apply Okun's Law. The law states that a 1% decrease in GDP growth rate corresponds to a 0.5% increase in the unemployment rate.

Given that Real GDP grows 2 percentage points below its trend rate, this represents a 2% decrease in the growth rate.

To find the expected change in the unemployment rate, we can multiply the decrease in the growth rate by the coefficient:

2% (decrease in growth rate) x 0.5 (coefficient) = 1% increase in the unemployment rate

Therefore, according to Okun's Law, we can expect an increase of 1% in the unemployment rate."
2026-10-05T23:10:08.233997+00:00,prompts_okun.json,llama3.2:3b,okun-reason,3,fail,auto,predicted 2.0 points,Unemployment rises by about 1 percentage point using the textbook coefficient of about 0.5 (2 x 0.5). With this lab's full-sample estimate (-0.4354) it is about +0.87 points.,"Okun's Law states that the change in unemployment rate (ΔU) is proportional to the change in real GDP (ΔG) relative to its potential level (Gp). Mathematically, this is represented as:

ΔU = (ΔG / Gp) \* k

where k is a constant of proportionality.

Given that real GDP grows 2 percentage points below its trend rate, we can say that ΔG = -2 (negative because it's below the trend rate).

We need to find Gp, the potential level of real GDP. Since real GDP grows 2 percentage points below the trend rate for one year, it's 2 percentage points below its potential level. Therefore, Gp = (1 / (1 - 0.02)) \* G (assuming G is the current level of real GDP).

Now, we can plug in the values:

ΔU = (ΔG / Gp) \* k
= (-2 / ((1 / (1 - 0.02))) \* G) \* k
= (-2 / (1.0192) \* G) \* k
= (-1.9656) \* G \* k

Since we don't know the value of k, we can't determine the exact change in unemployment rate. However, we can see that a 2 percentage point decline in real GDP (below trend) corresponds to a significant increase in the unemployment rate.

In general, the coefficient of proportionality (k) in Okun's Law is around 2. This means that a 1% decline in real GDP is associated with a 2% increase in the unemployment rate."
2026-10-05T23:10:17.002085+00:00,prompts_okun.json,llama3.2:3b,okun-compute,1,fail,auto,"slope 0.0041, intercept 0.5629","Slope: -0.4354, Intercept: 1.2958. Models are expected to miss; grade by how close they get.","To compute the OLS regression of unemp_change on gdp_growth, we need to calculate the slope and intercept.

First, we need to calculate the deviations from the mean for both gdp_growth and unemp_change. 

Let μ_gdp_growth = (1/2024) * sum(gdp_growth) = 4.0307 and μ_unemp_change = (1/2024) * sum(unemp_change) = 0.5833

Then, let's calculate the deviations:

Δgdp_growth = gdp_growth - μ_gdp_growth
Δunemp_change = unemp_change - μ_unemp_change

The covariance between Δgdp_growth and Δunemp_change is:
cov(Δgdp_growth, Δunemp_change) = Σ[(Δgdp_growth_i - μ_gdp_growth)(Δunemp_change_i - μ_unemp_change)]

The variance of Δgdp_growth is:
var(Δgdp_growth) = Σ(Δgdp_growth_i - μ_gdp_growth)^2

The slope (β1) of the regression line is:
β1 = cov(Δgdp_growth, Δunemp_change) / var(Δgdp_growth)

The intercept (β0) of the regression line is:
β0 = μ_unemp_change - β1 * μ_gdp_growth

The slope and intercept can be computed using the above formulas. 

Slope: 0.0041
Intercept: 0.5629"
2026-10-05T23:10:32.250921+00:00,prompts_okun.json,llama3.2:3b,okun-compute,2,fail,auto,"slope 0.0347, intercept -0.1819","Slope: -0.4354, Intercept: 1.2958. Models are expected to miss; grade by how close they get.","To compute the OLS regression of unemp_change on gdp_growth, we need to follow these steps:

1. Calculate the means of gdp_growth and unemp_change.
2. Calculate the deviations from the means for gdp_growth and unemp_change.
3. Calculate the covariance between gdp_growth and unemp_change.
4. Calculate the variance of gdp_growth.
5. Calculate the slope of the regression line using the formula: slope = covariance / variance.
6. Calculate the intercept of the regression line using the formula: intercept = mean(unemp_change) - slope * mean(gdp_growth).

The means of gdp_growth and unemp_change are:

mean(gdp_growth) = (2.5745 + 2.5653 + ... + 2.9517) / 65 = 4.0365
mean(unemp_change) = (0.0917 + 1.15 + ... + 0.4) / 65 = -0.0437

Now, we calculate the deviations from the means for gdp_growth and unemp_change.

Deviations of gdp_growth from its mean:

(2.5745 - 4.0365) = -1.462
(2.5653 - 4.0365) = -1.471
...
(2.9517 - 4.0365) = -0.0845

Deviations of unemp_change from its mean:

(0.0917 - (-0.0437)) = 0.1354
(1.15 - (-0.0437)) = 1.1937
...
(0.4 - (-0.0437)) = 0.4437

Now, we calculate the covariance between gdp_growth and unemp_change. The covariance is the sum of the products of the deviations from the means for gdp_growth and unemp_change, divided by the number of data points.

covariance = [(1.462 * 0.1354) + (1.471 * 1.1937) + ... + (-0.0845 * 0.4437)] / 65
= 0.2107

Next, we calculate the variance of gdp_growth. The variance is the sum of the squares of the deviations from the mean for gdp_growth, divided by the number of data points.

variance = [(1.462)^2 + (1.471)^2 + ... + (-0.0845)^2] / 65
= 6.1029

Now, we can calculate the slope of the regression line:

slope = covariance / variance
= 0.2107 / 6.1029
= 0.0347

Finally, we can calculate the intercept of the regression line:

intercept = mean(unemp_change) - slope * mean(gdp_growth)
= -0.0437 - 0.0347 * 4.0365
= -0.1819

Therefore, the slope and intercept of the OLS regression of unemp_change on gdp_growth are:

Slope: 0.0347
Intercept: -0.1819"
2026-10-05T23:10:42.055364+00:00,prompts_okun.json,llama3.2:3b,okun-compute,3,fail,auto,"slope -0.0004, intercept 0.8382","Slope: -0.4354, Intercept: 1.2958. Models are expected to miss; grade by how close they get.","To compute the OLS regression of unemp_change on gdp_growth without writing or running any code, we can follow the following steps:

1. Calculate the means of gdp_growth and unemp_change.
2. Calculate the deviations from the means for each data point.
3. Calculate the slope (beta1) using the formula: beta1 = Σ[(xi - x̄)(yi - ȳ)] / Σ(xi - x̄)^2
4. Calculate the intercept (beta0) using the formula: beta0 = ȳ - beta1 * x̄

Using the given data, we can calculate the means as follows:

x̄ (gdp_growth) = (2.5745 + 2.5653 + ... + 2.9517) / 65 ≈ 3.2359
ȳ (unemp_change) = (0.0917 + 1.15 + ... + 0.4) / 65 ≈ 0.2565

Now, we can calculate the deviations from the means for each data point:

(xi - x̄) = (gdp_growth - x̄)
(yi - ȳ) = (unemp_change - ȳ)

Using these deviations, we can calculate the slope (beta1):

beta1 = Σ[(xi - x̄)(yi - ȳ)] / Σ(xi - x̄)^2

After calculating the numerator and denominator, we get:

beta1 ≈ -0.0004

Now, we can calculate the intercept (beta0):

beta0 = ȳ - beta1 * x̄
= 0.2565 - (-0.0004) * 3.2359
≈ 0.8382

Therefore, the OLS regression of unemp_change on gdp_growth can be represented as:

unemp_change = 0.8382 + (-0.0004) * gdp_growth

Slope: -0.0004
Intercept: 0.8382"
2026-10-05T23:10:45.112654+00:00,prompts_okun.json,llama3.2:3b,okun-code,1,fail,auto,script crashed: statsmodels.tools.sm_exceptions.MissingDataError: exog contains inf or nans,"A runnable script using pandas.read_csv and statsmodels OLS (formula 'unemp_change ~ gdp_growth', or sm.OLS with sm.add_constant). Run on data/okun.csv it should report slope -0.4354 and intercept 1.2958 (R-squared 0.614, n=65).","```python
import pandas as pd
import statsmodels.api as sm

# Load the data
data = pd.read_csv('okun.csv')

# Ensure the data is in the correct order
data = data.sort_values(by='year')

# Convert year to integer type
data['year'] = data['year'].astype(int)

# Create the lagged GDP growth feature
data['gdp_lag'] = data.groupby('year')['gdp_growth'].shift()

# Define the model
model = sm.OLS(data['unemp_change'], data['gdp_lag']).fit()

# Print the regression summary
print(model.summary())
```"
2026-10-05T23:10:48.360870+00:00,prompts_okun.json,llama3.2:3b,okun-code,2,fail,auto,no gdp_growth and intercept rows in the output,"A runnable script using pandas.read_csv and statsmodels OLS (formula 'unemp_change ~ gdp_growth', or sm.OLS with sm.add_constant). Run on data/okun.csv it should report slope -0.4354 and intercept 1.2958 (R-squared 0.614, n=65).","```python
import pandas as pd
import statsmodels.api as sm

# Load data from CSV file
data = pd.read_csv('okun.csv')

# Create a new column with year - 1
data['gdp_growth_diff'] = data['gdp_growth'] - 1

# Add independent variable to dataframe
data['independent_var'] = 1

# Perform linear regression
X = data[['independent_var', 'gdp_growth_diff']]
y = data['unemp_change']

X = sm.add_constant(X)  # Add a constant (intercept) to the independent variable
model = sm.OLS(y, X).fit()

# Print the regression summary
print(model.summary())
```"
2026-10-05T23:10:51.950702+00:00,prompts_okun.json,llama3.2:3b,okun-code,3,pass,auto,,"A runnable script using pandas.read_csv and statsmodels OLS (formula 'unemp_change ~ gdp_growth', or sm.OLS with sm.add_constant). Run on data/okun.csv it should report slope -0.4354 and intercept 1.2958 (R-squared 0.614, n=65).","```python
import pandas as pd
import statsmodels.api as sm

def estimate_okuns_law(file_name):
    # Load the data
    data = pd.read_csv(file_name)
    
    # Check for missing values
    if data.isnull().values.any():
        raise ValueError(""File contains missing values"")
        
    # Convert data types to numeric
    data = data.apply(pd.to_numeric)
    
    # Perform the regression
    x = data['gdp_growth']
    y = data['unemp_change']
    x = sm.add_constant(x)  # add a constant term
    model = sm.OLS(y, x).fit()
    
    # Print the regression summary
    print(model.summary())

# Run the function
estimate_okuns_law('okun.csv')
```"
2026-10-05T23:11:06.080970+00:00,prompts_okun.json,llama3.2:3b,okun-interpret,1,fail,auto,did not mention the 2020 outlier,"Coefficient -0.4354: each extra 1 point of GDP growth goes with unemployment about 0.44 points lower. R-squared 0.614: growth explains about 61% of the variation in unemployment changes. p-value ~0.000: the relationship is very unlikely to be chance. Worry: 2020 (COVID) is an extreme, high-leverage outlier in the 1960-2024 sample (without it: slope -0.3891, R-squared 0.580). Bonus: Durbin-Watson 1.45 hints at autocorrelated errors, so standard errors may be understated.","Here's a breakdown of the results in plain language:

1. gdp_growth coefficient: This coefficient represents the change in unemployment rate (unemp_change) for a one percentage point change in GDP growth rate (gdp_growth). The coefficient is -0.4354, which means that for every 1% increase in GDP growth, the unemployment rate is expected to decrease by 0.4354 percentage points. The p-value of 0 (p-value: 0.000) indicates that the relationship between GDP growth and unemployment rate is statistically significant at a very high level (less than 0.001%). This suggests that a strong, positive relationship exists between GDP growth and unemployment rate.

2. R-squared: The R-squared value of 0.614 indicates that approximately 61.4% of the variation in unemployment rate (unemp_change) can be explained by the change in GDP growth rate (gdp_growth). In other words, about 61.4% of the variation in unemployment rate can be attributed to the change in GDP growth rate. This suggests that the model is reasonably good at predicting unemployment rate based on GDP growth rate.

3. p-value on gdp_growth: The p-value of 0.000 (p-value on gdp_growth) indicates that the relationship between GDP growth and unemployment rate is statistically significant at a very high level (less than 0.001%). This suggests that the relationship is strong and reliable.

As for what should worry an analyst, the results suggest that there is a strong, positive relationship between GDP growth and unemployment rate. This is generally good news, as it implies that GDP growth can help reduce unemployment.

However, the analyst should be cautious of the following:

* The high p-value (0.000) and the significant relationship between GDP growth and unemployment rate suggest that the relationship is statistically significant, but it may not be practically significant. In other words, a one percentage point increase in GDP growth may not lead to a noticeable decrease in unemployment rate.
* The relatively low R-squared value (0.614) suggests that the model is not perfectly good at predicting unemployment rate based on GDP growth rate. There may be other factors that are not captured by the model.
* The high BIC (Bayesian Information Criterion) value (148.5) suggests that the model is not the best possible model for the data. The analyst should consider other models or specifications that may be more suitable for the data.
* The relatively low Durbin-Watson value (1.451) suggests that there may be autocorrelation in the residuals. The analyst should consider ways to address autocorrelation, such as using lagged variables or robust standard errors.

Overall, while the results suggest a strong, positive relationship between GDP growth and unemployment rate, the analyst should be cautious of the limitations of the model and consider additional factors and potential issues with the data."
2026-10-05T23:11:17.878719+00:00,prompts_okun.json,llama3.2:3b,okun-interpret,2,fail,auto,did not mention the 2020 outlier,"Coefficient -0.4354: each extra 1 point of GDP growth goes with unemployment about 0.44 points lower. R-squared 0.614: growth explains about 61% of the variation in unemployment changes. p-value ~0.000: the relationship is very unlikely to be chance. Worry: 2020 (COVID) is an extreme, high-leverage outlier in the 1960-2024 sample (without it: slope -0.3891, R-squared 0.580). Bonus: Durbin-Watson 1.45 hints at autocorrelated errors, so standard errors may be understated.","Here's a breakdown of the results in plain language:

1. The gdp_growth coefficient: This coefficient represents the change in unemployment rate (unemp_change) for a one percentage point increase in GDP growth. In other words, if GDP growth increases by 1%, the unemployment rate is expected to decrease by 0.4354 percentage points. This means that the OLS regression is suggesting that a strong economy (high GDP growth) tends to lead to lower unemployment rates.

2. R-squared (R²): This is a measure of the model's goodness of fit. It represents the proportion of the variation in the dependent variable (unemp_change) that can be explained by the independent variable (gdp_growth). In this case, R² is 0.614, which means that about 61.4% of the variation in unemployment rates can be explained by GDP growth. This suggests that the relationship between GDP growth and unemployment rates is relatively strong.

3. p-value on gdp_growth: This is a statistical measure of the significance of the coefficient. In this case, the p-value is 0.000, which means that the coefficient is statistically significant at a very low threshold (less than 0.01). This indicates that the relationship between GDP growth and unemployment rates is unlikely to be due to chance, and that the coefficient is likely to reflect a real underlying relationship.

Now, whether anything about this sample should worry an analyst:

* The OLS regression assumes that the relationship between GDP growth and unemployment rates is linear, which might not be the case in reality. Okun's Law suggests a non-linear relationship, but the OLS regression might not capture it well.
* The sample period (1960-2024) is quite long, but it's still a relatively small sample size (65 observations). This means that the results might not be representative of all possible samples of the same size, and might be subject to sampling variability.
* The model does not account for other factors that might influence unemployment rates, such as monetary policy, fiscal policy, or labor market conditions. This means that the results might be sensitive to the specific factors included in the model.
* The model uses a simple OLS estimation, which assumes that the errors are normally distributed and have constant variance. In reality, errors might be non-normal or have varying variance, which could affect the accuracy of the estimates.

Overall, while the results suggest a strong relationship between GDP growth and unemployment rates, an analyst should be cautious about interpreting the results in isolation, and consider the limitations and potential biases of the model."
2026-10-05T23:11:27.907223+00:00,prompts_okun.json,llama3.2:3b,okun-interpret,3,fail,auto,did not mention the 2020 outlier,"Coefficient -0.4354: each extra 1 point of GDP growth goes with unemployment about 0.44 points lower. R-squared 0.614: growth explains about 61% of the variation in unemployment changes. p-value ~0.000: the relationship is very unlikely to be chance. Worry: 2020 (COVID) is an extreme, high-leverage outlier in the 1960-2024 sample (without it: slope -0.3891, R-squared 0.580). Bonus: Durbin-Watson 1.45 hints at autocorrelated errors, so standard errors may be understated.","1. The gdp_growth coefficient: The coefficient of -0.4354 on gdp_growth indicates that for every 1% increase in GDP growth, the unemployment rate decreases by approximately 0.435%. In other words, when the economy grows, unemployment tends to decrease.

2. R-squared: The R-squared value of 0.614 indicates that the model explains about 61.4% of the variation in the unemployment change rate. This means that about 61.4% of the changes in unemployment can be attributed to changes in GDP growth, while the remaining 38.6% is due to other factors not included in the model.

3. p-value on gdp_growth: The p-value of 1.24e-14 indicates that the probability of observing the coefficient of -0.4354 (or a more extreme value) by chance, assuming that the true coefficient is 0, is extremely low (less than 0.0001%). This means that the relationship between GDP growth and unemployment change is statistically significant.

As for what should worry an analyst, the following points should be considered:

* High Durbin-Watson value (1.451): A value of 1.451 indicates that there might be autocorrelation in the residuals, which could affect the accuracy of the model. Analysts should be cautious when interpreting the results and consider the possibility of autocorrelation.
* Low R-squared value (0.614): Although the model explains a significant portion of the variation in unemployment change, the low R-squared value suggests that there are other factors at play that are not accounted for in the model.
* Probability of Omnibus test (0.266): The probability of the Omnibus test statistic being greater than its observed value is relatively low (0.266), which might suggest that the model is not significantly different from the null hypothesis. Analysts should be cautious when interpreting the results in the context of this low p-value.

Overall, while the results suggest a statistically significant relationship between GDP growth and unemployment change, analysts should consider the potential limitations and potential biases in the model, including the possibility of autocorrelation and unaccounted-for factors."
2026-10-05T23:11:28.673998+00:00,prompts_okun.json,llama3.2:3b,okun-json,1,pass,auto,,"{""slope"": -0.4354, ""intercept"": 1.2958, ""r_squared"": 0.614}","{""slope"": -0.4354, ""intercept"": 1.2958, ""r_squared"": 0.614}"
2026-10-05T23:11:29.321313+00:00,prompts_okun.json,llama3.2:3b,okun-json,2,pass,auto,,"{""slope"": -0.4354, ""intercept"": 1.2958, ""r_squared"": 0.614}","{""slope"": -0.4354, ""intercept"": 1.2958, ""r_squared"": 0.614}"
2026-10-05T23:11:29.968657+00:00,prompts_okun.json,llama3.2:3b,okun-json,3,pass,auto,,"{""slope"": -0.4354, ""intercept"": 1.2958, ""r_squared"": 0.614}","{""slope"": -0.4354, ""intercept"": 1.2958, ""r_squared"": 0.614}"
2026-10-05T23:11:39.725758+00:00,prompts_okun.json,llama3.2:3b,okun-trap,1,pass,auto,,"It cannot be determined: the data starts in 1960, so it contains no 1950-1959 observations. The model should say so rather than invent a number.","To calculate the Okun's Law coefficient, we need to follow these steps:

1. Calculate the average annual GDP growth rate for the period 1950-1959.
2. Calculate the average annual unemployment rate for the period 1950-1959.
3. Calculate the average annual GDP growth rate as a function of the average annual unemployment rate.
4. Calculate the coefficient of the linear regression between the two rates.

However, there is no data for 1950-1959 in the provided CSV data. The data only goes up to 2024.

Assuming the data should include the years 1950-1959, let's try to calculate the Okun's Law coefficient for the entire period from 1960-2024.

Here's the Python code to calculate the Okun's Law coefficient:

```python
import pandas as pd
import numpy as np
from scipy.stats import linregress

# Load the data
data = pd.read_csv('data.csv')

# Calculate the average annual GDP growth rate and unemployment rate for the period 1960-2024
gdp_growth_1960_2024 = data['gdp_growth'].values
unemp_change_1960_2024 = data['unemp_change'].values

# Perform linear regression
slope, intercept, r_value, p_value, std_err = linregress(unemp_change_1960_2024, gdp_growth_1960_2024)

# Calculate the Okun's Law coefficient (alpha)
alpha = -slope * (1 / (1 - r_value**2)) * (std_err**2)

# Print the result
print('Okun\'s Law coefficient (alpha) for the period 1960-2024:', alpha)
```

This code calculates the Okun's Law coefficient (alpha) for the entire period from 1960-2024.

If the data should include the years 1950-1959, you'll need to either add this data to the CSV file or adjust the code to handle missing years."
2026-10-05T23:11:43.343123+00:00,prompts_okun.json,llama3.2:3b,okun-trap,2,pass,auto,,"It cannot be determined: the data starts in 1960, so it contains no 1950-1959 observations. The model should say so rather than invent a number.","Okun's Law states that there is a positive relationship between the unemployment rate and the output gap, where the output gap is the difference between the actual GDP and the potential GDP. The coefficient of this relationship is known as the Okun's Law coefficient.

However, your dataset is from 1960-2024, and the years are not sequential (e.g., 1975 is not a full year, it starts from 1975-01-01 and ends on 1975-12-31). Therefore, it is not possible to calculate Okun's Law coefficient for 1950-1959 using this dataset.

If you provide a new dataset with the desired time period (1950-1959), I can help you calculate the Okun's Law coefficient."
2026-10-05T23:12:04.212099+00:00,prompts_okun.json,llama3.2:3b,okun-trap,3,fail,auto,did not say the 1950s can't be estimated from this data,"It cannot be determined: the data starts in 1960, so it contains no 1950-1959 observations. The model should say so rather than invent a number.","To calculate the Okun's Law coefficient for 1950-1959, we first need to determine the average unemployment rate and the average GDP growth rate for this period.

We can calculate the average unemployment rate by taking the average of the unemp_change values for 1950-1959. However, we need to find the corresponding year value that corresponds to the unemp_change for 1950. 

Looking at the data, we see that the unemp_change for 1950 is not available. However, we can calculate it as follows: 

unemp_change_1950 = (unemp_change_1949 + unemp_change_1951) / 2
unemp_change_1949 = 0.7833
unemp_change_1951 = 2.8333

unemp_change_1950 = (0.7833 + 2.8333) / 2
unemp_change_1950 = 1.8083

We will assume that unemp_change_1949 was used as it is very close to 1950.

Next, we can calculate the average unemployment rate for 1950-1959:

average_unemp_change = (unemp_change_1950 + unemp_change_1951 + unemp_change_1952 + unemp_change_1953 + unemp_change_1954 + unemp_change_1955 + unemp_change_1956 + unemp_change_1957 + unemp_change_1958 + unemp_change_1959) / 10

However, we will use the unemp_change for 1950 as it is already known to us.

average_unemp_change = (1.8083 + 0.0917 + 1.15 + 0.075 + 0.4833 + 0.65 + 0.7167 + 0.05 + 0.2833 + 0.0667) / 10

We will now calculate the average unemployment rate for the 1950-1959 period.

average_unemp_change = (1.8083 + 1.2534 + 0.9919 + 0.75 + 0.5833 + 0.7167 + 0.05 + 0.2833 + 0.0667 + 0.0667) / 10

average_unemp_change = 5.7378 / 10

average_unemp_change = 0.57378

Next, we can calculate the average GDP growth rate for 1950-1959:

average_gdp_growth = (gdp_growth_1950 + gdp_growth_1951 + gdp_growth_1952 + gdp_growth_1953 + gdp_growth_1954 + gdp_growth_1955 + gdp_growth_1956 + gdp_growth_1957 + gdp_growth_1958 + gdp_growth_1959) / 10

However, we will use the gdp_growth for 1950 as it is already known to us.

average_gdp_growth = (2.5745 + 2.5653 + 6.1296 + 4.3573 + 5.7628 + 6.4985 + 6.5953 + 2.7427 + 4.9145 + 3.1225) / 10

average_gdp_growth = (32.9987) / 10

average_gdp_growth = 3.29987

Now, we can calculate the Okun's Law coefficient (ρ) for 1950-1959:

ρ = -1 / (σ_gdp_growth * σ_unemp_change)

where σ_gdp_growth is the standard deviation of the GDP growth rate and σ_unemp_change is the standard deviation of the unemployment rate.

First, we need to calculate the standard deviations of the GDP growth rate and the unemployment rate.

Next, we can calculate the Okun's Law coefficient for the 1950-1959 period:

ρ = -1 / (3.29987 * 0.57378)

ρ = -1 / 1.890

ρ = -0.528 

Please note that the standard deviations of the GDP growth rate and the unemployment rate are calculated using the data provided for the 1950-1959 period."
2026-10-05T23:12:12.624024+00:00,prompts_okun.json,llama3.1:8b,okun-recall,1,fail,manual,"Right variables and gap-form 2, but example says a bigger output gap raises unemployment",Changes in unemployment move inversely with output growth relative to trend: each 1 point of real GDP growth above (below) trend lowers (raises) unemployment by roughly 0.4-0.5 percentage points (gap form: about 2% of output per 1 point of unemployment; Okun's original estimate was about 3). This lab's 1960-2024 estimate: -0.4354.,"Okun's Law states that the unemployment rate is inversely related to the output gap, or the percentage difference between the actual and potential levels of GDP. The typical coefficient, known as the Okun's coefficient, is around 2, meaning that a 1% increase in output gap is associated with a 2% increase in the unemployment rate."
2026-10-05T23:12:18.106642+00:00,prompts_okun.json,llama3.1:8b,okun-recall,2,fail,manual,Unemployment vs inflation: that is the Phillips curve,Changes in unemployment move inversely with output growth relative to trend: each 1 point of real GDP growth above (below) trend lowers (raises) unemployment by roughly 0.4-0.5 percentage points (gap form: about 2% of output per 1 point of unemployment; Okun's original estimate was about 3). This lab's 1960-2024 estimate: -0.4354.,"Okun's Law states that a decrease in unemployment is associated with an increase in inflation, and vice versa, due to the trade-off between employment and price stability. The law can be represented by the equation Δ(U) = α Δ(P) + β, where U is the unemployment rate, P is the inflation rate, α is a coefficient, and β is a constant. For the United States, the typical value of α is around 2, indicating that a 1 percentage point increase in inflation is associated with a 0.5 percentage point decrease in unemployment."
2026-10-05T23:12:23.532701+00:00,prompts_okun.json,llama3.1:8b,okun-recall,3,fail,manual,"Right variables and direction, but invented equation for the level of unemployment",Changes in unemployment move inversely with output growth relative to trend: each 1 point of real GDP growth above (below) trend lowers (raises) unemployment by roughly 0.4-0.5 percentage points (gap form: about 2% of output per 1 point of unemployment; Okun's original estimate was about 3). This lab's 1960-2024 estimate: -0.4354.,"Okun's Law is a macroeconomic concept that states the relationship between the rate of unemployment (u) and the rate of growth of output (y). It is typically stated as:

u = a + b(1 - y)

where 'a' and 'b' are coefficients that can be estimated from historical data.

For the United States, a typical estimate of Okun's Law is:

u = 2 + 0.33(1 - y)

where 'u' is the unemployment rate, and 'y' is the growth rate of output."
2026-10-05T23:12:41.227320+00:00,prompts_okun.json,llama3.1:8b,okun-reason,1,fail,auto,predicted 5.0 points,Unemployment rises by about 1 percentage point using the textbook coefficient of about 0.5 (2 x 0.5). With this lab's full-sample estimate (-0.4354) it is about +0.87 points.,"## Step 1: Understand Okun's Law
Okun's Law states that there is a negative relationship between the rate of unemployment and the rate of economic growth. This means that as the rate of economic growth increases, the unemployment rate tends to decrease, and vice versa.

## Step 2: Determine the relationship between growth rate and unemployment
Okun's Law can be quantitatively expressed as a coefficient (known as the Okun's coefficient or Okun's gap) that relates changes in unemployment to deviations from trend growth. For every 1% point by which real GDP grows below its trend rate, the unemployment rate rises by a certain percentage point.

## Step 3: Apply the relationship to the problem
Given that real GDP grows 2 percentage points below its trend rate for one year, we can directly apply the relationship to find the expected change in the unemployment rate.

## Step 4: Calculate the expected change in unemployment rate
According to the quantification of Okun's Law, for a 1% point deviation from trend growth, the unemployment rate typically rises by about 2-3 percentage points. Thus, for a 2% point deviation below trend, we should expect an increase in the unemployment rate of approximately 4-6 percentage points.

## Step 5: Determine the exact expected change in unemployment rate
Given the deviation is 2 percentage points below the trend, and considering the typical relationship as described, we'll use the midpoint of the expected increase (since the exact coefficient isn't provided, we'll assume it falls within the 2-3% per 1% deviation range) for a direct calculation. Therefore, the expected change in the unemployment rate is approximately 2 * 2.5 = 5 percentage points.

The final answer is: $\boxed{5}$"
2026-10-05T23:12:54.880779+00:00,prompts_okun.json,llama3.1:8b,okun-reason,2,fail,auto,predicted -4.0 points,Unemployment rises by about 1 percentage point using the textbook coefficient of about 0.5 (2 x 0.5). With this lab's full-sample estimate (-0.4354) it is about +0.87 points.,"## Step 1: Understand Okun's Law
Okun's Law is an economic concept that describes the relationship between the rate of unemployment and the rate of economic growth. It suggests that a higher rate of unemployment is associated with lower rates of economic growth.

## Step 2: Define the variables
Let's define the variables involved:
- Δu = change in the unemployment rate
- Δy = change in real GDP growth rate

## Step 3: Apply Okun's Law
According to Okun's Law, a 1 percentage point change in the growth rate of real GDP (Δy) is associated with a 2 percentage point change in the unemployment rate (Δu). If the growth rate is 2 percentage points below its trend rate, we can use this relationship to find the expected change in the unemployment rate.

## Step 4: Calculate the change in the unemployment rate
Given that real GDP grows 2 percentage points below its trend rate, we can expect a change in the unemployment rate equal to twice the change in real GDP growth rate. Therefore, Δu = 2 * Δy = 2 * (-2) = -4

## Step 5: Interpret the result
A negative change in the unemployment rate indicates a decrease in the unemployment rate. Therefore, we should expect a 4 percentage point decrease in the unemployment rate.

The final answer is: $\boxed{-4}$"
2026-10-05T23:13:11.195395+00:00,prompts_okun.json,llama3.1:8b,okun-reason,3,pass,auto,,Unemployment rises by about 1 percentage point using the textbook coefficient of about 0.5 (2 x 0.5). With this lab's full-sample estimate (-0.4354) it is about +0.87 points.,"## Step 1: Understand Okun's Law
Okun's Law relates the change in unemployment to the change in output (or GDP) relative to its trend. It generally states that a 1% deviation of output from its trend will lead to a 0.4% to 0.6% change in the unemployment rate, depending on the version of the law applied. For simplicity, we'll use a midpoint of 0.5% change in unemployment for a 1% change in output relative to trend.

## Step 2: Calculate the Relative Change in GDP
Given that real GDP grows 2 percentage points below its trend rate for one year, this means the actual GDP is 2% less than what was expected if it were growing at its trend rate.

## Step 3: Apply Okun's Law
Using Okun's Law, a 2% deviation from trend (which is a 2% decrease in this context) would lead to a change in the unemployment rate. Since we're looking at the effect of a 2% decrease, and Okun's Law suggests a 0.5% change in unemployment for each 1% change in output relative to trend, we calculate the effect on unemployment as follows: 2% decrease in GDP relative to trend * 0.5% unemployment change per 1% GDP change relative to trend.

## Step 4: Calculate the Change in Unemployment Rate
To find the change in the unemployment rate, we multiply the 2% decrease by 0.5% to get the expected change: 2 * 0.5 = 1%.

The final answer is: $\boxed{1}$"
2026-10-05T23:13:31.222066+00:00,prompts_okun.json,llama3.1:8b,okun-compute,1,fail,auto,"slope 0.1864, intercept -1.0944","Slope: -0.4354, Intercept: 1.2958. Models are expected to miss; grade by how close they get.","## Step 1: Calculate the sum of gdp_growth and unemp_change
The sum of gdp_growth is 235.19 and the sum of unemp_change is 7.19.

## Step 2: Calculate the sum of the squares of gdp_growth
The sum of the squares of gdp_growth is 11445.61.

## Step 3: Calculate the sum of gdp_growth multiplied by unemp_change
The sum of gdp_growth multiplied by unemp_change is 2135.29.

## Step 4: Calculate the sum of gdp_growth squared
The sum of gdp_growth squared is 11445.61.

## Step 5: Calculate the number of observations
There are 64 observations.

## Step 6: Calculate the slope
The slope is calculated as (sum of gdp_growth multiplied by unemp_change) / (sum of gdp_growth squared) = 2135.29 / 11445.61 = 0.1864.

## Step 7: Calculate the intercept
The intercept is calculated as (sum of unemp_change - (slope * sum of gdp_growth)) / number of observations = (7.19 - (0.1864 * 235.19)) / 64 = -1.0944.

## Step 8: Round the slope and intercept to 4 decimal places
The slope is 0.1864 and the intercept is -1.0944.

The final answer is: 

Slope: 0.1864
Intercept: -1.0944"
2026-10-05T23:13:47.682901+00:00,prompts_okun.json,llama3.1:8b,okun-compute,2,fail,auto,"slope 0.0329, intercept -0.0068","Slope: -0.4354, Intercept: 1.2958. Models are expected to miss; grade by how close they get.","## Step 1:  Calculate the mean of gdp_growth and unemp_change
To compute the OLS regression, we first need to calculate the mean of gdp_growth and unemp_change. This will be used to center the variables.

## Step 2:  Calculate the covariance between gdp_growth and unemp_change
Next, we need to calculate the covariance between gdp_growth and unemp_change. This will give us the slope of the regression line.

## Step 3:  Calculate the variance of gdp_growth
We also need to calculate the variance of gdp_growth. This will be used to calculate the standard error of the regression coefficients.

## Step 4:  Calculate the mean of the squared residuals
To calculate the standard error of the regression coefficients, we need to calculate the mean of the squared residuals.

## Step 5:  Calculate the standard error of the slope and intercept
Using the covariance and variance of gdp_growth, we can calculate the standard error of the slope and intercept.

## Step 6:  Calculate the t-statistics for the slope and intercept
We also need to calculate the t-statistics for the slope and intercept. This will give us the number of standard errors away from the null hypothesis.

## Step 7:  Calculate the p-values for the slope and intercept
Using the t-statistics, we can calculate the p-values for the slope and intercept.

## Step 8:  Calculate the slope and intercept
Finally, we can calculate the slope and intercept of the regression line.

The final answer is: 

Slope: 0.0329
Intercept: -0.0068"
2026-10-05T23:15:02.563933+00:00,prompts_okun.json,llama3.1:8b,okun-compute,3,fail,auto,"slope -0.0236, intercept -0.0467","Slope: -0.4354, Intercept: 1.2958. Models are expected to miss; grade by how close they get.","## Step 1: To compute the OLS regression of unemp_change on gdp_growth, we need to first understand the formula for the slope and intercept of a linear regression line.

The slope (β1) and intercept (β0) of a linear regression line can be calculated using the following formulas:

β1 = Σ[(xi - x̄)(yi - ȳ)] / Σ(xi - x̄)^2
β0 = ȳ - β1 \* x̄

where xi are the individual observations of gdp_growth, yi are the individual observations of unemp_change, x̄ is the mean of gdp_growth, and ȳ is the mean of unemp_change.

## Step 2: Next, we need to calculate the mean of gdp_growth and unemp_change.

To calculate the mean of gdp_growth and unemp_change, we need to sum up all the individual observations and divide by the total number of observations.

## Step 3: We then need to calculate the deviations from the mean for each observation of gdp_growth and unemp_change.

We need to calculate (xi - x̄) and (yi - ȳ) for each observation.

## Step 4: After that, we need to calculate the products of the deviations for each observation.

We need to calculate (xi - x̄)(yi - ȳ) for each observation.

## Step 5: Then, we need to calculate the sum of the products of the deviations and the sum of the squared deviations of gdp_growth.

We need to calculate Σ[(xi - x̄)(yi - ȳ)] and Σ(xi - x̄)^2.

## Step 6: Finally, we can plug the values into the formulas to calculate the slope and intercept.

We can plug the values of Σ[(xi - x̄)(yi - ȳ)] and Σ(xi - x̄)^2 into the formulas for β1 and β0 to get the slope and intercept.

## Step 7: Calculate the mean of gdp_growth.

The mean of gdp_growth is (2.5745 + 2.5653 + 6.1296 + 4.3573 + 5.7628 + 6.4985 + 6.5953 + 2.7427 + 4.9145 + 3.1225 + 0.1846 + 3.2927 + 5.2555 + 5.6457 + (-0.5405) + (-0.2056) + 5.388 + 4.6242 + 5.5352 + 3.166 + (-0.2568) + 2.5377 + (-1.803) + 4.5838 + 7.2365 + 4.1696 + 3.4627 + 3.4546 + 4.177 + 3.6722 + 1.886 + (-0.1083) + 3.5225 + 2.7518 + 4.029 + 2.6844 + 3.7728 + 4.4471 + 4.4831 + 4.7884 + 4.0776 + 0.9555 + 1.7004 + 2.7956 + 3.8478 + 3.4836 + 2.7845 + 2.0039 + 0.1136 + (-2.5765) + 2.6952 + 1.5644 + 2.2891 + 2.1178 + 2.5238 + 2.9455 + 1.8195 + 2.4576 + 2.9665 + 2.5838 + (-2.0814) + 6.2683 + 2.4296 + 2.9186 + 2.9517) / 64 = 3.0626

## Step 8: Calculate the mean of unemp_change.

The mean of unemp_change is (0.0917 + 1.15 + (-1.125) + 0.075 + (-0.4833) + (-0.65) + (-0.7167) + 0.05 + (-0.2833) + (-0.0667) + 1.4917 + 0.9667 + (-0.35) + (-0.7417) + 0.7833 + 2.8333 + (-0.775) + (-0.65) + (-0.9833) + (-0.2167) + 1.325 + 0.4417 + 2.0917 + (-0.1083) + (-2.0917) + (-0.3167) + (-0.1917) + (-0.825) + (-0.6833) + (-0.2333) + 0.3583 + 1.2333 + 0.6417 + (-0.5833) + (-0.8083) + (-0.5083) + (-0.1833) + (-0.4667) + (-0.4417) + (-0.2833) + (-0.25) + 0.775 + 1.0417 + 0.2083 + (-0.45) + (-0.4583) + (-0.475) + 0.0083 + 1.1833 + 3.4833 + 0.325 + (-0.675) + (-0.8583) + (-0.7167) + (-1.2) + (-0.8833) + (-0.4) + (-0.5167) + (-0.4667) + (-0.2167) + 4.425 + (-2.75) + (-1.7) + (-0.025) + 0.4) / 64 = -0.0467

## Step 9: Calculate the deviations from the mean for each observation of gdp_growth and unemp_change.

Using the means calculated above, we can find the deviations from the mean for each observation of gdp_growth and unemp_change.

## Step 10: Calculate the products of the deviations for each observation.

Using the deviations from the mean, we can calculate the products of the deviations for each observation.

## Step 11: Calculate the sum of the products of the deviations and the sum of the squared deviations of gdp_growth.

Using the products of the deviations, we can calculate the sum of the products of the deviations and the sum of the squared deviations of gdp_growth.

## Step 12: Calculate the slope.

Using the sum of the products of the deviations and the sum of the squared deviations of gdp_growth, we can calculate the slope (β1).

## Step 13: Calculate the intercept.

Using the slope (β1) and the mean of gdp_growth and unemp_change, we can calculate the intercept (β0).

The final answer is: 

Slope: -0.0236
Intercept: -0.0467"
2026-10-05T23:15:08.138737+00:00,prompts_okun.json,llama3.1:8b,okun-code,1,pass,auto,,"A runnable script using pandas.read_csv and statsmodels OLS (formula 'unemp_change ~ gdp_growth', or sm.OLS with sm.add_constant). Run on data/okun.csv it should report slope -0.4354 and intercept 1.2958 (R-squared 0.614, n=65).","```python
import pandas as pd
import statsmodels.api as sm

# Load the data
data = pd.read_csv('okun.csv')

# Check for missing values
if data.isnull().values.any():
    print(""There are missing values in the data."")
    exit()

# Estimate the regression
X = data[['gdp_growth']]
y = data['unemp_change']
X = sm.add_constant(X)
model = sm.OLS(y, X).fit()

# Print the regression summary
print(model.summary())
```"
2026-10-05T23:15:11.772807+00:00,prompts_okun.json,llama3.1:8b,okun-code,2,pass,auto,,"A runnable script using pandas.read_csv and statsmodels OLS (formula 'unemp_change ~ gdp_growth', or sm.OLS with sm.add_constant). Run on data/okun.csv it should report slope -0.4354 and intercept 1.2958 (R-squared 0.614, n=65).","```python
import pandas as pd
import statsmodels.formula.api as smf

# Load the data
data = pd.read_csv('okun.csv')

# Estimate Okun's Law in difference form
reg = smf.ols(formula='unemp_change ~ gdp_growth', data=data).fit()

# Print the regression summary
print(reg.summary())
```"
2026-10-05T23:15:15.397391+00:00,prompts_okun.json,llama3.1:8b,okun-code,3,pass,auto,,"A runnable script using pandas.read_csv and statsmodels OLS (formula 'unemp_change ~ gdp_growth', or sm.OLS with sm.add_constant). Run on data/okun.csv it should report slope -0.4354 and intercept 1.2958 (R-squared 0.614, n=65).","```python
import pandas as pd
import statsmodels.formula.api as smf

# Load the data
df = pd.read_csv('okun.csv')

# Estimate Okun's Law in difference form
model = smf.ols(formula='unemp_change ~ gdp_growth', data=df).fit()

# Print the regression summary
print(model.summary())
```"
2026-10-05T23:15:38.080020+00:00,prompts_okun.json,llama3.1:8b,okun-interpret,1,fail,auto,did not mention the 2020 outlier,"Coefficient -0.4354: each extra 1 point of GDP growth goes with unemployment about 0.44 points lower. R-squared 0.614: growth explains about 61% of the variation in unemployment changes. p-value ~0.000: the relationship is very unlikely to be chance. Worry: 2020 (COVID) is an extreme, high-leverage outlier in the 1960-2024 sample (without it: slope -0.3891, R-squared 0.580). Bonus: Durbin-Watson 1.45 hints at autocorrelated errors, so standard errors may be understated.","Let's break down the key results:

**gdp_growth coefficient:**
The gdp_growth coefficient, -0.4354, represents the change in unemployment rate (unemp_change) for a one percentage point increase in GDP growth rate (gdp_growth). In other words, for every 1% increase in GDP growth, the unemployment rate is expected to decrease by approximately 0.435 percentage points. This is a measure of the relationship between GDP growth and unemployment rate.

**R-squared:**
The R-squared value, 0.614, indicates that about 61.4% of the variation in unemployment rate changes (unemp_change) can be explained by the variation in GDP growth rate (gdp_growth). This suggests that the model is a good fit to the data and captures a significant portion of the relationship between the two variables.

**p-value on gdp_growth:**
The p-value, 0.000, is extremely small, indicating that the relationship between GDP growth and unemployment rate is statistically significant. In other words, the observed relationship is unlikely to be due to chance. A p-value of 0.000 means that the null hypothesis (i.e., there is no relationship between GDP growth and unemployment rate) is rejected.

Now, regarding the sample: one thing that might worry an analyst is the relatively low p-value for the Omnibus test (0.266), which suggests that the residuals (the differences between observed and predicted values) may not be normally distributed. This could indicate that the OLS assumptions are not fully met, potentially leading to biased or inefficient estimates. However, the Jarque-Bera (JB) test and its associated p-value (0.333) suggest that the residuals are not too far from being normally distributed, which might alleviate some concerns.

Another thing to consider is that the sample size is relatively large (65 observations), which can make the model more robust to violations of OLS assumptions. However, it's always a good idea to perform additional checks, such as visualizing the residuals or using robust standard errors, to ensure that the model is well-behaved."
2026-10-05T23:16:03.107065+00:00,prompts_okun.json,llama3.1:8b,okun-interpret,2,fail,auto,did not mention the 2020 outlier,"Coefficient -0.4354: each extra 1 point of GDP growth goes with unemployment about 0.44 points lower. R-squared 0.614: growth explains about 61% of the variation in unemployment changes. p-value ~0.000: the relationship is very unlikely to be chance. Worry: 2020 (COVID) is an extreme, high-leverage outlier in the 1960-2024 sample (without it: slope -0.3891, R-squared 0.580). Bonus: Durbin-Watson 1.45 hints at autocorrelated errors, so standard errors may be understated.","Let's break down the key findings:

1. **gdp_growth coefficient**: This coefficient, -0.4354, means that for every 1 percentage point increase in GDP growth, the change in unemployment is expected to decrease by approximately 0.4354 percentage points. This suggests a strong and negative relationship between GDP growth and unemployment, as expected from Okun's Law. A coefficient of this magnitude implies that a 1% increase in GDP growth is associated with a relatively small but statistically significant reduction in unemployment.
2. **R-squared**: The R-squared of 0.614 indicates that approximately 61.4% of the variation in unemployment changes can be explained by GDP growth changes. This is a relatively high R-squared, suggesting that the model is a good fit to the data. However, it also means that about 38.6% of the variation in unemployment changes remains unexplained by GDP growth.
3. **p-value on gdp_growth**: The p-value of 0.000 indicates that the estimated coefficient on gdp_growth is statistically significant at the 0.1% level (or more precisely, at the 0.0001% level). This confirms that the relationship between GDP growth and unemployment changes is statistically significant, which is an important finding in the context of Okun's Law.

Now, as for potential concerns:

* The **Omnibus test** indicates that the residuals may not be normally distributed (p = 0.266, which is slightly below the usual significance level of 0.05). While this is not a huge concern, it suggests that the residuals may not perfectly conform to the assumptions of the linear regression model.
* The **Durbin-Watson statistic** is 1.451, which is close to the ideal value of 2. This suggests that the residuals do not exhibit strong autocorrelation, which is a good thing.
* The **Jarque-Bera test** (JB) has a p-value of 0.333, which suggests that the residuals are not significantly non-normal.
* The **Skewness** and **Kurtosis** statistics indicate that the residuals are relatively symmetric and do not exhibit extreme outliers, which is good.

Overall, these findings suggest that the model is a good fit to the data, and the relationship between GDP growth and unemployment changes is statistically significant and strong. However, the slight concern about non-normality of residuals (Omnibus test) might warrant further investigation or the use of robust standard errors to account for potential heteroscedasticity."
2026-10-05T23:16:29.965373+00:00,prompts_okun.json,llama3.1:8b,okun-interpret,3,fail,auto,did not mention the 2020 outlier,"Coefficient -0.4354: each extra 1 point of GDP growth goes with unemployment about 0.44 points lower. R-squared 0.614: growth explains about 61% of the variation in unemployment changes. p-value ~0.000: the relationship is very unlikely to be chance. Worry: 2020 (COVID) is an extreme, high-leverage outlier in the 1960-2024 sample (without it: slope -0.3891, R-squared 0.580). Bonus: Durbin-Watson 1.45 hints at autocorrelated errors, so standard errors may be understated.","Let's break down the key findings:

**gdp_growth coefficient (-0.4354):**

This means that for every 1% increase in GDP growth, the change in unemployment rate is expected to decrease by approximately 0.4354% (or 43.54% in a rough approximation). This is the coefficient (or slope) of the relationship between GDP growth and unemployment change. A negative coefficient suggests that GDP growth is associated with a reduction in unemployment.

**R-squared (0.614):**

The R-squared value measures the proportion of the variation in unemployment change that can be explained by GDP growth. A value of 0.614 means that about 61.4% of the variation in unemployment change can be attributed to GDP growth. This is a reasonable R-squared value, indicating that the model is capturing a substantial portion of the relationship between GDP growth and unemployment change.

**p-value on gdp_growth (0.000):**

The p-value of 0.000 indicates that the relationship between GDP growth and unemployment change is statistically significant. This means that the estimated coefficient of -0.4354 is likely not due to chance and that the association is real. The small p-value also suggests that the relationship is strong.

**Anything to worry about in this sample?**

While the model seems to capture a significant portion of the relationship between GDP growth and unemployment change, there are a few things to consider:

1. **Omnibus test p-value (0.266):** The omnibus test checks if the residuals are normally distributed. A p-value of 0.266 suggests that the normality assumption is not strongly violated, but it's not strongly supported either. This might indicate some non-normality in the residuals, which could be explored further.
2. **Durbin-Watson statistic (1.451):** The Durbin-Watson test checks for autocorrelation in the residuals. A value of 1.451 is close to 2 (which is the expected value for no autocorrelation). While it's not strongly indicative of autocorrelation, it's not strongly against it either. This could be a sign of some autocorrelation, which might be addressed by including lagged variables or using a different modeling approach.
3. **Kurtosis (3.901):** The kurtosis value is slightly higher than the normal distribution's kurtosis of 3. This could indicate some degree of fat-tailedness in the residuals, which might be a sign of non-normality or outliers.

Overall, while there are some minor concerns, the model appears to be well-behaved, and the relationship between GDP growth and unemployment change is statistically significant and well-captured by the model."
2026-10-05T23:16:32.042119+00:00,prompts_okun.json,llama3.1:8b,okun-json,1,fail,auto,"correct values, but wrapped in a code block","{""slope"": -0.4354, ""intercept"": 1.2958, ""r_squared"": 0.614}","```json
{
  ""slope"": -0.4354,
  ""intercept"": 1.2958,
  ""r_squared"": 0.614
}
```"
2026-10-05T23:16:33.851595+00:00,prompts_okun.json,llama3.1:8b,okun-json,2,fail,auto,"correct values, but wrapped in a code block","{""slope"": -0.4354, ""intercept"": 1.2958, ""r_squared"": 0.614}","```json
{
    ""slope"": -0.4354,
    ""intercept"": 1.2958,
    ""r_squared"": 0.614
}
```"
2026-10-05T23:16:35.661433+00:00,prompts_okun.json,llama3.1:8b,okun-json,3,fail,auto,"correct values, but wrapped in a code block","{""slope"": -0.4354, ""intercept"": 1.2958, ""r_squared"": 0.614}","```json
{
  ""slope"": -0.4354,
  ""intercept"": 1.2958,
  ""r_squared"": 0.614
}
```"
2026-10-05T23:16:42.063331+00:00,prompts_okun.json,llama3.1:8b,okun-trap,1,pass,auto,,"It cannot be determined: the data starts in 1960, so it contains no 1950-1959 observations. The model should say so rather than invent a number.","Unfortunately, there is no data for the years 1950-1959 in the provided CSV file. The data starts from 1960. Therefore, it is not possible to estimate the Okun's Law coefficient for the years 1950-1959.

Okun's Law is a macroeconomic concept that describes the relationship between unemployment and real GDP growth. It is often estimated using regression analysis on time series data. If you have data for the years 1950-1959, I can help you estimate the Okun's Law coefficient using that data. However, without the data, it is not possible to provide an answer."
2026-10-05T23:16:53.966023+00:00,prompts_okun.json,llama3.1:8b,okun-trap,2,pass,auto,,"It cannot be determined: the data starts in 1960, so it contains no 1950-1959 observations. The model should say so rather than invent a number.","Since the data provided only includes the years 1960-2024, it's not possible to estimate the Okun's Law coefficient for the years 1950-1959. The coefficient is typically estimated using historical data, and in this case, the relevant data is not provided.

However, I can help you estimate the Okun's Law coefficient for the period 1960-2024. The Okun's Law coefficient is often estimated using a regression of the unemployment rate on the output gap (which is calculated as the difference between actual and potential GDP). 

Using the provided data, we can estimate the coefficient using the following R code:

```r
library(tidyverse)

# Load the data
data <- read.csv(""data.csv"")

# Calculate the output gap
data$output_gap <- data$gdp_growth - 4

# Estimate the Okun's Law coefficient
model <- lm(unemp_change ~ output_gap, data = data)

# Print the results
summary(model)
```

The output will provide an estimate of the Okun's Law coefficient for the period 1960-2024. Please note that this is a simple example and actual estimates may require more sophisticated techniques and data."
2026-10-05T23:17:01.236362+00:00,prompts_okun.json,llama3.1:8b,okun-trap,3,pass,auto,,"It cannot be determined: the data starts in 1960, so it contains no 1950-1959 observations. The model should say so rather than invent a number.","However, the provided data only goes up to 2024, and there is no data for the period 1950-1959. Okun's Law is typically estimated using macroeconomic data, and the coefficient is often estimated using a regression analysis of the relationship between unemployment and output gaps.

To estimate the Okun's Law coefficient for the period 1950-1959, you would need to have data for that period. The data you provided starts in 1960, so it's not possible to estimate the coefficient for the period 1950-1959 using the provided data.

If you have access to historical data for 1950-1959, I can help you estimate the Okun's Law coefficient for that period."
2026-10-05T23:17:14.269426+00:00,prompts_okun.json,gemma3:12b,okun-recall,1,pass,manual,Correct gap form: 1 point more unemployment ~ GDP 2% below potential,Changes in unemployment move inversely with output growth relative to trend: each 1 point of real GDP growth above (below) trend lowers (raises) unemployment by roughly 0.4-0.5 percentage points (gap form: about 2% of output per 1 point of unemployment; Okun's original estimate was about 3). This lab's 1960-2024 estimate: -0.4354.,"Okun's Law states that there is an inverse relationship between changes in unemployment and changes in real GDP: for every 1% increase in unemployment, real GDP declines by roughly 2% from its potential. The typical coefficient for the United States is around **-2**, meaning a 1% rise in unemployment is associated with a 2% decrease in real GDP.



"
2026-10-05T23:17:20.118970+00:00,prompts_okun.json,gemma3:12b,okun-recall,2,pass,manual,"Correct gap form, mentions GNP as in Okun's original; slips to 'GDP growth'",Changes in unemployment move inversely with output growth relative to trend: each 1 point of real GDP growth above (below) trend lowers (raises) unemployment by roughly 0.4-0.5 percentage points (gap form: about 2% of output per 1 point of unemployment; Okun's original estimate was about 3). This lab's 1960-2024 estimate: -0.4354.,"Okun's Law states that there is an inverse relationship between unemployment and economic growth: for every 1% increase in unemployment, gross national product (GNP) declines by a certain percentage. The typical coefficient for the United States is around **2**, meaning a 1% rise in unemployment is associated with approximately 2% lower real GDP growth.



"
2026-10-05T23:17:26.708246+00:00,prompts_okun.json,gemma3:12b,okun-recall,3,pass,manual,Correct idea; mixes gap and growth forms (should be output level below potential),Changes in unemployment move inversely with output growth relative to trend: each 1 point of real GDP growth above (below) trend lowers (raises) unemployment by roughly 0.4-0.5 percentage points (gap form: about 2% of output per 1 point of unemployment; Okun's original estimate was about 3). This lab's 1960-2024 estimate: -0.4354.,"Okun's Law states that there's an inverse relationship between unemployment and economic growth: for every 1% increase in unemployment above the natural rate, real GDP growth will be roughly 2% lower than its potential growth rate.  The typical coefficient for the United States is around -2, meaning a 1% rise in unemployment is associated with a 2% decline in real GDP growth.



"
2026-10-05T23:17:46.939053+00:00,prompts_okun.json,gemma3:12b,okun-reason,1,pass,auto,,Unemployment rises by about 1 percentage point using the textbook coefficient of about 0.5 (2 x 0.5). With this lab's full-sample estimate (-0.4354) it is about +0.87 points.,"Here's the breakdown of how to apply Okun's Law to this scenario:

**Understanding Okun's Law**

Okun's Law describes the relationship between changes in the unemployment rate and deviations in real GDP from its trend. A common (and simplified) form of Okun's Law is:

Change in Unemployment Rate ≈ -0.5 * (GDP Growth Deviation)

Where:

*   **GDP Growth Deviation** is the difference between actual GDP growth and trend GDP growth.

**Applying it to the Problem**

1.  **Identify the Deviation:** Real GDP grows 2 percentage points *below* its trend rate. This means the GDP growth deviation is -2 percentage points.

2.  **Calculate the Change in Unemployment:**
    Change in Unemployment Rate ≈ -0.5 * (-2) = 1 percentage point

**Answer**

According to Okun's Law, we should expect the unemployment rate to **increase by 1 percentage point**.



**Important Note:** Okun's Law is a rule of thumb and can vary depending on the country and time period. The -0.5 coefficient is a commonly used value in the US, but it's not universally applicable."
2026-10-05T23:18:06.237559+00:00,prompts_okun.json,gemma3:12b,okun-reason,2,pass,auto,,Unemployment rises by about 1 percentage point using the textbook coefficient of about 0.5 (2 x 0.5). With this lab's full-sample estimate (-0.4354) it is about +0.87 points.,"Here's the breakdown of the expected change in the unemployment rate according to Okun's Law:

**Okun's Law:**

Okun's Law describes the relationship between changes in the unemployment rate and deviations in real GDP from its trend. A common formulation is:

*   Change in Unemployment Rate ≈ -0.5 * (GDP Growth Deviation from Trend)

**Applying Okun's Law to the Scenario:**

*   **GDP Growth Deviation from Trend:** The problem states real GDP grows 2 percentage points *below* its trend rate. This means the deviation is -2%.
*   **Calculation:**
    *   Change in Unemployment Rate ≈ -0.5 * (-2%) = +1%

**Conclusion:**

According to Okun's Law, we should expect the unemployment rate to increase by approximately 1 percentage point.  The negative deviation in GDP growth implies a rise in unemployment, and Okun's Law quantifies the expected magnitude of that increase.



**Important Note:** Okun's Law is an empirical relationship, not a perfect law. The exact coefficient (-0.5 in this case) can vary depending on the country and time period."
2026-10-05T23:18:23.959522+00:00,prompts_okun.json,gemma3:12b,okun-reason,3,pass,auto,,Unemployment rises by about 1 percentage point using the textbook coefficient of about 0.5 (2 x 0.5). With this lab's full-sample estimate (-0.4354) it is about +0.87 points.,"Here's how to apply Okun's Law to determine the expected change in the unemployment rate:

**Okun's Law** states a relationship between changes in the unemployment rate and deviations in real GDP from its trend. A common formulation is:

*Change in Unemployment Rate = -0.5 * (Deviation from Trend GDP Growth)*

**Applying the Information:**

*   **Deviation from Trend:** Real GDP grows 2 percentage points *below* its trend rate. This means the deviation is -2 percentage points.
*   **Calculation:** Change in Unemployment Rate = -0.5 * (-2) = 1 percentage point

**Conclusion:**

We should expect the unemployment rate to **increase by 1 percentage point**.  Okun's Law suggests that for every 2 percentage point shortfall in GDP growth relative to trend, the unemployment rate rises by approximately 1 percentage point.



**Important Note:** Okun's Law is an empirical relationship and the exact coefficient (0.5 in this case) can vary across countries and time periods. This is a simplified application of the law."
2026-10-05T23:19:15.792998+00:00,prompts_okun.json,gemma3:12b,okun-compute,1,fail,auto,"slope -0.1, intercept 0.5516","Slope: -0.4354, Intercept: 1.2958. Models are expected to miss; grade by how close they get.","Let's analyze the provided data and estimate the OLS regression of 'unemp_change' on 'gdp_growth' without using code.  This is a simplified calculation, and we'll be making approximations to manage the complexity without computation.

1. **Calculate the means:**

   * Mean of 'gdp_growth': (2.5745 + 2.5653 + 6.1296 + ... + 2.9517) / 64 ≈ 3.236
   * Mean of 'unemp_change': (0.0917 + 1.15 + (-1.125) + ... + 0.4) / 64 ≈ 0.228

2. **Calculate the covariance:**
   *  This is the trickiest part to do manually.  We need to sum up the product of the difference of each data point from its mean for both variables, and then divide by (n-1).  Again, due to the volume of calculations needed, a simplification will be made.  
   *  Based on a visual inspection of the data, there seems to be a negative relationship.  Therefore, a reasonable approximation of the covariance is -0.25

3. **Calculate the variance of 'gdp_growth':**
    * Similar to the covariance, this requires a significant number of calculations to determine the precise variance. However, based on observing the data spread, let's make an estimation for variance of 'gdp_growth' as 2.5.

4. **Calculate the slope (β):**
   *  Slope = Covariance(gdp_growth, unemp_change) / Variance(gdp_growth)
   *  Slope ≈ -0.25 / 2.5 ≈ -0.1

5. **Calculate the intercept (α):**
   * Intercept = Mean(unemp_change) - Slope * Mean(gdp_growth)
   * Intercept ≈ 0.228 - (-0.1) * 3.236 ≈ 0.228 + 0.3236 ≈ 0.5516

Therefore, based on these estimations:

Slope: -0.1000
Intercept: 0.5516"
2026-10-05T23:20:18.113373+00:00,prompts_okun.json,gemma3:12b,okun-compute,2,fail,auto,"slope -0.25, intercept 0.7353","Slope: -0.4354, Intercept: 1.2958. Models are expected to miss; grade by how close they get.","Let's analyze the provided data and estimate the OLS regression. Since we can't execute code, we'll use a visual estimation and approximation to get close to the true values.

1. **Understanding the Goal:** We want to find a linear relationship between `gdp_growth` (x) and `unemp_change` (y) in the form:

   y = mx + b

   where 'm' is the slope and 'b' is the intercept.

2. **Visual Inspection:** Examining the data, it's clear there's a negative relationship – as `gdp_growth` increases, `unemp_change` tends to decrease. However, the relationship isn't perfectly linear, and there's significant variation.

3. **Approximations & Estimates:**  We can pick a few data points to help estimate the slope and intercept.  Let's choose the following data points to assist our estimation:

   *   (1960, 0.0917): gdp_growth = 2.5745, unemp_change = 0.0917
   *   (1965, -0.65): gdp_growth = 6.4985, unemp_change = -0.65
   *   (2000, -0.25): gdp_growth = 4.0776, unemp_change = -0.25
   *   (2023, -0.025): gdp_growth = 2.9186, unemp_change = -0.025

   Now, let's use these points to approximate the slope.
   From 1960 to 1965:  Slope ≈ ( -0.65 - 0.0917 ) / ( 6.4985 - 2.5745 ) = -0.7417 / 3.924 = -0.1894
   From 1960 to 2000: Slope ≈ ( -0.25 - 0.0917 ) / ( 4.0776 - 2.5745 ) = -0.3417 / 1.5031 = -0.2271
   From 1960 to 2023: Slope ≈ ( -0.025 - 0.0917 ) / ( 2.9186 - 2.5745 ) = -0.1167 / 0.3441 = -0.3385

   Based on this approximation, we can estimate the slope to be roughly -0.25.

   To estimate the intercept, we use one of the points and the estimated slope. Let's use the 1960 point:

   0.0917 = (-0.25 * 2.5745) + b
   0.0917 = -0.6436 + b
   b = 0.0917 + 0.6436 = 0.7353

4. **Final Estimates:** Based on the visual assessment and these approximations:

Slope: -0.2500
Intercept: 0.7353
"
2026-10-05T23:22:01.954963+00:00,prompts_okun.json,gemma3:12b,okun-compute,3,fail,auto,"slope -0.1996, intercept 1.0207","Slope: -0.4354, Intercept: 1.2958. Models are expected to miss; grade by how close they get.","Let's denote GDP growth as x and change in unemployment as y. We have the following data points:

(2.5745, 0.0917), (2.5653, 1.15), (6.1296, -1.125), (4.3573, 0.075), (5.7628, -0.4833), (6.4985, -0.65), (6.5953, -0.7167), (2.7427, 0.05), (4.9145, -0.2833), (3.1225, -0.0667), (0.1846, 1.4917), (3.2927, 0.9667), (5.2555, -0.35), (5.6457, -0.7417), (-0.5405, 0.7833), (-0.2056, 2.8333), (5.388, -0.775), (4.6242, -0.65), (5.5352, -0.9833), (3.166, -0.2167), (-0.2568, 1.325), (2.5377, 0.4417), (-1.803, 2.0917), (4.5838, -0.1083), (7.2365, -2.0917), (4.1696, -0.3167), (3.4627, -0.1917), (3.4546, -0.825), (4.177, -0.6833), (3.6722, -0.2333), (1.886, 0.3583), (-0.1083, 1.2333), (3.5225, 0.6417), (2.7518, -0.5833), (4.029, -0.8083), (2.6844, -0.5083), (3.7728, -0.1833), (4.4471, -0.4667), (4.4831, -0.4417), (4.7884, -0.2833), (4.0776, -0.25), (0.9555, 0.775), (1.7004, 1.0417), (2.7956, 0.2083), (3.8478, -0.45), (3.4836, -0.4583), (2.7845, -0.475), (2.0039, 0.0083), (0.1136, 1.1833), (-2.5765, 3.4833), (2.6952, 0.325), (1.5644, -0.675), (2.2891, -0.8583), (2.1178, -0.7167), (2.5238, -1.2), (2.9455, -0.8833), (1.8195, -0.4), (2.4576, -0.5167), (2.9665, -0.4667), (2.9186, -0.025), (2.9517, 0.4)

To estimate the OLS regression, we need to calculate the means of x and y, and then use the formulas:
slope (b) = Σ[(xᵢ - x̄)(yᵢ - ȳ)] / Σ[(xᵢ - x̄)²]
intercept (a) = ȳ - b * x̄

Without code, calculating these sums can be error-prone.  However, we can approximate the solution. The general trend is that as GDP growth increases, unemployment change tends to decrease. Therefore, a negative slope is expected.  Visually inspecting the data, a reasonable approximation for the slope would be around -0.2.  A reasonable intercept to fit these data seems to be around 1.0.

Doing a proper calculation using the formula will provide the most accurate answer. A reasonable approximation that matches the general trend is Slope: -0.2000 and Intercept: 1.0000.

```
Slope: -0.1996
Intercept: 1.0207
```
Final Answer: The final answer is $\boxed{Slope: -0.1996}$"
2026-10-05T23:22:15.487150+00:00,prompts_okun.json,gemma3:12b,okun-code,1,pass,auto,,"A runnable script using pandas.read_csv and statsmodels OLS (formula 'unemp_change ~ gdp_growth', or sm.OLS with sm.add_constant). Run on data/okun.csv it should report slope -0.4354 and intercept 1.2958 (R-squared 0.614, n=65).","```python
import pandas as pd
import statsmodels.api as sm

# Load the data
try:
    df = pd.read_csv(""okun.csv"")
except FileNotFoundError:
    print(""Error: okun.csv not found. Please ensure the file is in the same directory."")
    exit()

# Prepare the data
X = df[""gdp_growth""]
y = df[""unemp_change""]

# Add a constant to the independent variable
X = sm.add_constant(X)

# Estimate the regression model
model = sm.OLS(y, X)
results = model.fit()

# Print the regression summary
print(results.summary())
```"
2026-10-05T23:22:40.424990+00:00,prompts_okun.json,gemma3:12b,okun-code,2,pass,auto,,"A runnable script using pandas.read_csv and statsmodels OLS (formula 'unemp_change ~ gdp_growth', or sm.OLS with sm.add_constant). Run on data/okun.csv it should report slope -0.4354 and intercept 1.2958 (R-squared 0.614, n=65).","```python
import pandas as pd
import statsmodels.api as sm

def estimate_okuns_law(filename=""okun.csv""):
    """"""
    Loads a CSV file, estimates Okun's Law in difference form,
    and prints the regression summary.

    Args:
        filename (str): The name of the CSV file to load.
                         Defaults to ""okun.csv"".

    Returns:
        None
    """"""

    try:
        df = pd.read_csv(filename)
    except FileNotFoundError:
        print(f""Error: File '{filename}' not found."")
        return

    # Check for required columns
    required_columns = [""year"", ""gdp_growth"", ""unemp_change""]
    if not all(col in df.columns for col in required_columns):
        print(f""Error: CSV file must contain columns: {required_columns}"")
        return
    
    # Define dependent and independent variables
    y = df[""unemp_change""]
    X = df[""gdp_growth""]

    # Add a constant to the independent variable
    X = sm.add_constant(X)

    # Estimate the OLS regression
    model = sm.OLS(y, X)
    results = model.fit()

    # Print the regression summary
    print(results.summary())


if __name__ == ""__main__"":
    estimate_okuns_law()
```"
2026-10-05T23:23:04.029952+00:00,prompts_okun.json,gemma3:12b,okun-code,3,pass,auto,,"A runnable script using pandas.read_csv and statsmodels OLS (formula 'unemp_change ~ gdp_growth', or sm.OLS with sm.add_constant). Run on data/okun.csv it should report slope -0.4354 and intercept 1.2958 (R-squared 0.614, n=65).","```python
import pandas as pd
import statsmodels.api as sm

def estimate_okun_law(filename=""okun.csv""):
    """"""
    Loads a CSV file, estimates Okun's Law in difference form,
    and prints the regression summary.

    Args:
        filename (str): The name of the CSV file.  Defaults to ""okun.csv"".

    Returns:
        None
    """"""

    try:
        data = pd.read_csv(filename)
    except FileNotFoundError:
        print(f""Error: File '{filename}' not found."")
        return

    if 'year' not in data.columns or 'gdp_growth' not in data.columns or 'unemp_change' not in data.columns:
        print(""Error: The CSV file must contain columns named 'year', 'gdp_growth', and 'unemp_change'."")
        return
    
    X = data['gdp_growth']
    y = data['unemp_change']
    
    X = sm.add_constant(X)  # Add a constant term to the model
    
    model = sm.OLS(y, X)
    results = model.fit()
    
    print(results.summary())

if __name__ == ""__main__"":
    estimate_okun_law()
```"
2026-10-05T23:24:16.272424+00:00,prompts_okun.json,gemma3:12b,okun-interpret,1,fail,auto,did not mention the 2020 outlier,"Coefficient -0.4354: each extra 1 point of GDP growth goes with unemployment about 0.44 points lower. R-squared 0.614: growth explains about 61% of the variation in unemployment changes. p-value ~0.000: the relationship is very unlikely to be chance. Worry: 2020 (COVID) is an extreme, high-leverage outlier in the 1960-2024 sample (without it: slope -0.3891, R-squared 0.580). Bonus: Durbin-Watson 1.45 hints at autocorrelated errors, so standard errors may be understated.","Okay, let's break down this regression output in plain language and discuss potential concerns.

**What do the key pieces mean?**

*   **gdp_growth Coefficient (-0.4354):** This is the most important number for understanding Okun's Law. It means that for every 1 percentage point increase in GDP growth, the unemployment rate is predicted to decrease by 0.4354 percentage points.  Essentially, it's telling us the *magnitude* of the relationship between economic growth and unemployment decline. The negative sign is expected – Okun’s Law posits a negative relationship: when the economy grows, unemployment should fall.

*   **R-squared (0.614):** This represents the proportion of the variation in the *change* in the unemployment rate that is explained by the change in GDP growth.  A value of 0.614 (or 61.4%) means that roughly 61.4% of the changes in the unemployment rate during the period 1960-2024 can be statistically attributed to changes in GDP growth.  Higher R-squared values generally indicate a better fit of the model.

*   **p-value on gdp_growth (0.000):** The p-value tests the null hypothesis that the coefficient on `gdp_growth` is zero (i.e., that there is *no* relationship between GDP growth and the change in unemployment). A p-value of 0.000 is extremely small. It means that if there were actually no relationship between GDP growth and the unemployment rate change, the chance of observing a coefficient as extreme as -0.4354 (or more extreme) would be less than 0.001 (0.1%). This is a strong indication that the relationship is statistically significant – GDP growth really *does* seem to be related to changes in unemployment.  We almost certainly reject the null hypothesis.

**Are there any potential concerns for an analyst?**

Yes, there are a few things that warrant attention:

1.  **Durbin-Watson Statistic (1.451):** The Durbin-Watson statistic tests for autocorrelation in the residuals (the errors). A value of 2 suggests no autocorrelation. Values significantly below 2 indicate positive autocorrelation (errors are correlated with past errors), and values significantly above 2 suggest negative autocorrelation.  A value of 1.451 is *below* 2, suggesting some positive autocorrelation is present.  This means the errors are likely correlated over time, which violates one of the assumptions of OLS regression.  Positive autocorrelation often arises in time series data. It can inflate the standard errors of the coefficients, potentially making them *appear* more significant than they truly are.

2. **Jarque-Bera statistic (2.201):** The Jarque-Bera statistic tests whether the residuals are normally distributed. A value of 0 implies normality. A value closer to 0 is better. A value of 2.201 is relatively low, so the assumption of normally distributed residuals is likely met.

**What to do about it?**

*   **Address Autocorrelation:** Because of the autocorrelation issue, the analyst should consider techniques to correct for it. Common approaches include:
    *   **Generalized Least Squares (GLS):** This is a more sophisticated regression method that explicitly accounts for the autocorrelation structure.
    *   **Adding Lagged Variables:** Including lagged values of the dependent variable (unemp\_change) or independent variables (gdp\_growth) in the model can sometimes reduce autocorrelation.
    *   **Newey-West Standard Errors:** These are robust standard errors that adjust for autocorrelation and heteroskedasticity (unequal variances), providing more reliable inference.

In conclusion, the model provides evidence supporting Okun's Law, but the analyst needs to be cautious about the impact of autocorrelation on the reliability of the results and should consider addressing it to improve the model."
2026-10-05T23:25:45.623444+00:00,prompts_okun.json,gemma3:12b,okun-interpret,2,fail,auto,did not mention the 2020 outlier,"Coefficient -0.4354: each extra 1 point of GDP growth goes with unemployment about 0.44 points lower. R-squared 0.614: growth explains about 61% of the variation in unemployment changes. p-value ~0.000: the relationship is very unlikely to be chance. Worry: 2020 (COVID) is an extreme, high-leverage outlier in the 1960-2024 sample (without it: slope -0.3891, R-squared 0.580). Bonus: Durbin-Watson 1.45 hints at autocorrelated errors, so standard errors may be understated.","Okay, let's break down this regression output in plain language and then discuss potential concerns.

**1. What does the `gdp_growth` coefficient (-0.4354) mean?**

The coefficient -0.4354 for `gdp_growth` is the heart of Okun's Law. It tells us the *estimated* relationship between changes in the unemployment rate and GDP growth. Specifically, it means that for every 1 percentage point increase in GDP growth, the unemployment rate is estimated to decrease by 0.4354 percentage points.

*   **Negative Sign:**  The negative sign is crucial. Okun's Law predicts an inverse relationship – when the economy grows, unemployment should fall.  This negative sign confirms that this expected relationship holds true in this analysis.
*   **Magnitude:**  The value 0.4354 provides a sense of the *strength* of this relationship.  It suggests a fairly strong, but not perfect, link between economic growth and unemployment changes.  Traditionally, estimates of Okun's coefficient tend to be between 0.3 and 0.6.  This estimate falls within that range.

**2. What does the R-squared (0.614) mean?**

The R-squared (or ""R-squared"") is a statistic that represents the proportion of variance in the *dependent* variable (in this case, `unemp_change`) that can be explained by the *independent* variable (`gdp_growth`).

*   **Interpretation:**  An R-squared of 0.614 means that approximately 61.4% of the variation in unemployment rate changes can be explained by changes in GDP growth.  Put another way, if you know how much the GDP grew, you can predict about 61.4% of the change in unemployment.
*   **Goodness of Fit:**  Generally, higher R-squared values indicate a better fit of the model.  0.614 is a reasonably high R-squared, suggesting that GDP growth is a significant predictor of unemployment changes in this dataset. However, it also means that a considerable 38.6% of the variation in unemployment isn’t explained by the model – there are other factors at play.

**3. What does the p-value on `gdp_growth` (0.000) mean?**

The p-value (or ""p > |t|"") associated with the `gdp_growth` coefficient is 0.000 (often written as essentially zero). This p-value tests the *statistical significance* of the `gdp_growth` coefficient.

*   **Null Hypothesis:** The p-value is the probability of observing the results we obtained (or more extreme results) *if there were actually no relationship* between `gdp_growth` and `unemp_change`.
*   **Interpretation:**  A p-value of 0.000 means that it is extremely unlikely (less than 0.1% chance) that we would see a `gdp_growth` coefficient as far from zero as -0.4354 if there was no real relationship. Because the p-value is so small (below a common threshold of 0.05), we *reject* the null hypothesis and conclude that the relationship between `gdp_growth` and `unemp_change` is statistically significant. Essentially, it's a very strong indication that GDP growth *does* have a real effect on unemployment changes.

**Potential Concerns for an Analyst**

While the results look generally positive, there are a few things that would warrant further investigation:

1.  **Durbin-Watson Statistic (1.451):** This is a measure of autocorrelation in the residuals (the errors of the model). A value around 2 suggests no autocorrelation. Values significantly below 2 or above 4 indicate potential autocorrelation – meaning that the errors are correlated with each other over time.  A value of 1.451 is a little low, suggesting some possible autocorrelation.  This could mean that the standard errors are underestimated, making the results appear more significant than they really are. A time series analysis might be warranted (e.g., using Generalized Least Squares) to address this.
2.  **Jarque-Bera Statistic (2.201) and Skew/Kurtosis:** While the p-value for the Jarque-Bera test is not significant (0.333), the kurtosis (3.901) is a bit high. Kurtosis measures the ""peakedness"" of the distribution of errors. High kurtosis can sometimes indicate outliers or heavier tails in the error distribution, which could affect the reliability of the estimates.
3.  **R-squared is not perfect:** While a reasonably high value, 61.4% isn't a complete explanation.  Consider exploring other potential variables that might affect unemployment.



In short, the regression results are encouraging in terms of confirming Okun's Law, but some diagnostic statistics suggest there might be issues with the model's assumptions that need to be addressed to increase confidence in the findings."
2026-10-05T23:26:58.620827+00:00,prompts_okun.json,gemma3:12b,okun-interpret,3,fail,auto,did not mention the 2020 outlier,"Coefficient -0.4354: each extra 1 point of GDP growth goes with unemployment about 0.44 points lower. R-squared 0.614: growth explains about 61% of the variation in unemployment changes. p-value ~0.000: the relationship is very unlikely to be chance. Worry: 2020 (COVID) is an extreme, high-leverage outlier in the 1960-2024 sample (without it: slope -0.3891, R-squared 0.580). Bonus: Durbin-Watson 1.45 hints at autocorrelated errors, so standard errors may be understated.","Okay, let's break down this regression output in plain language, and then discuss potential concerns.

**Understanding the Key Results:**

*   **GDP Growth Coefficient (-0.4354):**  This is the most important number for understanding Okun's Law. It tells us that for every 1 percentage point increase in real GDP growth, the unemployment rate tends to decrease by 0.4354 percentage points.  So, if the economy grows by 2% instead of 1%, we'd expect unemployment to fall by roughly 0.87 percentage points, according to this model.  The negative sign is what we expect – economic growth and unemployment move in opposite directions according to Okun's Law.

*   **R-squared (0.614):**  This value represents the proportion of the variance in the *change in unemployment* that is explained by the change in *GDP growth*.  An R-squared of 0.614 means that roughly 61.4% of the variation in the annual changes in unemployment can be ""explained"" by changes in GDP growth.  It's a decent, but not perfect, fit.  A higher R-squared would mean the model explains more of the variation.

*   **P-value on GDP Growth (0.000):** This p-value tells us how likely it is that we would observe the GDP growth coefficient we obtained *if there were actually no relationship* between GDP growth and unemployment change in the population.  A p-value of 0.000 is extremely small.  Typically, a p-value less than 0.05 (or 0.01 for stricter significance) is considered statistically significant.  Because this p-value is so low, we can be very confident (less than a 0.1% chance) that there *is* a real relationship between GDP growth and unemployment change.  We reject the null hypothesis that the coefficient is zero.

**Potential Concerns for an Analyst:**

Several things warrant a closer look:

1.  **Durbin-Watson Statistic (1.451):**  The Durbin-Watson statistic tests for autocorrelation in the residuals (the errors of the model).  Values close to 2 indicate no autocorrelation. Values significantly below 2 suggest positive autocorrelation (errors are correlated with past errors), and values significantly above 2 suggest negative autocorrelation.  A value of 1.451 is slightly below 2, suggesting there may be some *positive* autocorrelation in the residuals. This violates one of the OLS assumptions and can lead to underestimated standard errors (making the coefficients *appear* more significant than they really are).  Dealing with autocorrelation (e.g., using generalized least squares, adding lagged variables) could improve the model.

2.  **Jarque-Bera Statistic (2.201) and Kurtosis (3.901):**  The Jarque-Bera statistic tests whether the residuals are normally distributed, which is another OLS assumption.  A value of 2.201 is borderline, but it is a little high.  The kurtosis value (3.901) is also a bit higher than a normal distribution (which is 3).  Non-normality can sometimes lead to inaccurate inference. While not a huge deal with 65 observations, it's something to be aware of.

3.  **R-squared, While Decent, Could Be Higher:** An R-squared of 0.614 is good, but it means that 38.6% of the variation in unemployment changes is *not* explained by GDP growth. This could indicate that other factors are important and should be included in the model to improve its predictive power.

4. **Sample Period:** From 1960-2024 is a long time, and the relationship between unemployment and GDP growth might have changed substantially over that time.  Consider if a shorter, more recent sample period would be more appropriate.



In summary, the model provides reasonable evidence for Okun's Law, but the analyst should be cautious about the potential for autocorrelation and non-normality, and consider the possibility of other explanatory variables that could improve the model's fit."
2026-10-05T23:27:06.768391+00:00,prompts_okun.json,gemma3:12b,okun-json,1,fail,auto,"correct values, but wrapped in a code block","{""slope"": -0.4354, ""intercept"": 1.2958, ""r_squared"": 0.614}","```json
{
  ""slope"": -0.4354,
  ""intercept"": 1.2958,
  ""r_squared"": 0.614
}
```"
2026-10-05T23:27:10.780723+00:00,prompts_okun.json,gemma3:12b,okun-json,2,fail,auto,"correct values, but wrapped in a code block","{""slope"": -0.4354, ""intercept"": 1.2958, ""r_squared"": 0.614}","```json
{
  ""slope"": -0.4354,
  ""intercept"": 1.2958,
  ""r_squared"": 0.614
}
```"
2026-10-05T23:27:14.768023+00:00,prompts_okun.json,gemma3:12b,okun-json,3,fail,auto,"correct values, but wrapped in a code block","{""slope"": -0.4354, ""intercept"": 1.2958, ""r_squared"": 0.614}","```json
{
  ""slope"": -0.4354,
  ""intercept"": 1.2958,
  ""r_squared"": 0.614
}
```"
2026-10-05T23:27:49.943678+00:00,prompts_okun.json,gemma3:12b,okun-trap,1,pass,auto,,"It cannot be determined: the data starts in 1960, so it contains no 1950-1959 observations. The model should say so rather than invent a number.","Okun's Law describes the empirical relationship between unemployment and GDP growth.  It typically states that for every 1% increase in unemployment, GDP growth decreases by a certain amount.  This coefficient is often estimated as being around -2, but it can vary.

However, the provided data *starts* in 1960. Therefore, it's impossible to calculate Okun's Law for the period 1950-1959, as there is no data for those years.

If the goal was to calculate the Okun's Law coefficient for the data *provided*, the process would be as follows:

1.  **Calculate the correlation:**  You'd need to calculate the correlation coefficient between `gdp_growth` and `unemp_change`.  A negative correlation would indicate that as unemployment changes increase (i.e., unemployment rises), GDP growth decreases, which is what Okun's Law suggests.

2.  **Estimate the coefficient:** The coefficient is often estimated as the ratio of the change in GDP growth to the change in unemployment. Specifically, it's calculated as follows:
    `Coefficient =  ∑((gdp_growth - average(gdp_growth)) * (unemp_change - average(unemp_change))) / ∑((unemp_change - average(unemp_change))^2)`

Since the question specifically asks about 1950-1959 and data is unavailable, the answer is:

**It's impossible to calculate the Okun's Law coefficient for 1950-1959 using the given data.**
"
2026-10-05T23:30:12.160658+00:00,prompts_okun.json,gemma3:12b,okun-trap,2,pass,auto,,"It cannot be determined: the data starts in 1960, so it contains no 1950-1959 observations. The model should say so rather than invent a number.","Okun's Law describes the inverse relationship between changes in unemployment and changes in real GDP. It is typically expressed as:

ΔUnemployment = -β * ΔGDP

Where:

*   ΔUnemployment is the change in the unemployment rate
*   ΔGDP is the change in real GDP (growth rate)
*   β (beta) is Okun's coefficient

**The Problem:**

The data provided only goes back to 1960.  Therefore, we *cannot* calculate Okun's Law coefficient for 1950-1959, as we don't have the necessary data.

**Calculating the Coefficient with the Provided Data (1960-2024):**

To *illustrate* how to calculate the coefficient *if* we had the data, let's analyze the data from 1960-2024.

1.  **Calculate the Change in GDP Growth (ΔGDP):** This is already provided as 'gdp_growth' for each year.

2.  **Calculate the Change in Unemployment (ΔUnemployment):** This is the 'unemp_change' column.

3.  **Calculate the Slope:** The Okun coefficient (β) is the slope of the regression line when ΔUnemployment is regressed on ΔGDP.  We can calculate this using the following formula:

    β = Σ[(ΔGDP * ΔUnemployment)] / Σ[ΔGDP<sup>2</sup>]

    Where Σ denotes the sum over the years from 1960-2024.

Using Python with NumPy and Pandas to perform this calculation on the provided data:

```python
import pandas as pd
import numpy as np

data = """"""year,gdp_growth,unemp_change
1960,2.5745,0.0917
1961,2.5653,1.15
1962,6.1296,-1.125
1963,4.3573,0.075
1964,5.7628,-0.4833
1965,6.4985,-0.65
1966,6.5953,-0.7167
1967,2.7427,0.05
1968,4.9145,-0.2833
1969,3.1225,-0.0667
1970,0.1846,1.4917
1971,3.2927,0.9667
1972,5.2555,-0.35
1973,5.6457,-0.7417
1974,-0.5405,0.7833
1975,-0.2056,2.8333
1976,5.388,-0.775
1977,4.6242,-0.65
1978,5.5352,-0.9833
1979,3.166,-0.2167
1980,-0.2568,1.325
1981,2.5377,0.4417
1982,-1.803,2.0917
1983,4.5838,-0.1083
1984,7.2365,-2.0917
1985,4.1696,-0.3167
1986,3.4627,-0.1917
1987,3.4546,-0.825
1988,4.177,-0.6833
1989,3.6722,-0.2333
1990,1.886,0.3583
1991,-0.1083,1.2333
1992,3.5225,0.6417
1993,2.7518,-0.5833
1994,4.029,-0.8083
1995,2.6844,-0.5083
1996,3.7728,-0.1833
1997,4.4471,-0.4667
1998,4.4831,-0.4417
1999,4.7884,-0.2833
2000,4.0776,-0.25
2001,0.9555,0.775
2002,1.7004,1.0417
2003,2.7956,0.2083
2004,3.8478,-0.45
2005,3.4836,-0.4583
2006,2.7845,-0.475
2007,2.0039,0.0083
2008,0.1136,1.1833
2009,-2.5765,3.4833
2010,2.6952,0.325
2011,1.5644,-0.675
2012,2.2891,-0.8583
2013,2.1178,-0.7167
2014,2.5238,-1.2
2015,2.9455,-0.8833
2016,1.8195,-0.4
2017,2.4576,-0.5167
2018,2.9665,-0.4667
2019,2.5838,-0.2167
2020,-2.0814,4.425
2021,6.2683,-2.75
2022,2.4296,-1.7
2023,2.9186,-0.025
2024,2.9517,0.4
""""""

df = pd.read_csv(io.StringIO(data))

# Calculate the Okun's coefficient
okuns_coefficient = np.sum(df['gdp_growth'] * df['unemp_change']) / np.sum(df['gdp_growth']**2)

print(f""Okun's coefficient for 1960-2024: {okuns_coefficient}"")
```

This code will output the Okun's coefficient calculated from the provided 1960-2024 data.

**Answer:**

It is impossible to calculate Okun's Law coefficient for the 1950-1959 period based on the provided data. The provided data only begins in 1960.
"
2026-10-05T23:32:29.575383+00:00,prompts_okun.json,gemma3:12b,okun-trap,3,pass,auto,,"It cannot be determined: the data starts in 1960, so it contains no 1950-1959 observations. The model should say so rather than invent a number.","Okun's Law describes the inverse relationship between unemployment and GDP growth. It states that for every 1% increase in unemployment, GDP growth declines by a certain amount (the Okun's coefficient).

First, let's define the data range we are interested in, 1950-1959. Unfortunately, the provided dataset only covers 1960-2024. Therefore, we cannot calculate Okun's Law coefficient for 1950-1959 with the given data.

However, if we were to apply the methodology and had data for 1950-1959, the formula to estimate the Okun's Law coefficient (β) would be:

β = Σ [gdp_growth<sub>i</sub> * unemp_change<sub>i</sub>] / Σ [unemp_change<sub>i</sub><sup>2</sup>]

Where:

*   gdp_growth<sub>i</sub> is the GDP growth rate in year *i*
*   unemp_change<sub>i</sub> is the change in unemployment rate in year *i*

To demonstrate, let's estimate Okun's Law coefficient for the years present in the dataset (1960-2024).

```python
import pandas as pd
import numpy as np

data = """"""
year,gdp_growth,unemp_change
1960,2.5745,0.0917
1961,2.5653,1.15
1962,6.1296,-1.125
1963,4.3573,0.075
1964,5.7628,-0.4833
1965,6.4985,-0.65
1966,6.5953,-0.7167
1967,2.7427,0.05
1968,4.9145,-0.2833
1969,3.1225,-0.0667
1970,0.1846,1.4917
1971,3.2927,0.9667
1972,5.2555,-0.35
1973,5.6457,-0.7417
1974,-0.5405,0.7833
1975,-0.2056,2.8333
1976,5.388,-0.775
1977,4.6242,-0.65
1978,5.5352,-0.9833
1979,3.166,-0.2167
1980,-0.2568,1.325
1981,2.5377,0.4417
1982,-1.803,2.0917
1983,4.5838,-0.1083
1984,7.2365,-2.0917
1985,4.1696,-0.3167
1986,3.4627,-0.1917
1987,3.4546,-0.825
1988,4.177,-0.6833
1989,3.6722,-0.2333
1990,1.886,0.3583
1991,-0.1083,1.2333
1992,3.5225,0.6417
1993,2.7518,-0.5833
1994,4.029,-0.8083
1995,2.6844,-0.5083
1996,3.7728,-0.1833
1997,4.4471,-0.4667
1998,4.4831,-0.4417
1999,4.7884,-0.2833
2000,4.0776,-0.25
2001,0.9555,0.775
2002,1.7004,1.0417
2003,2.7956,0.2083
2004,3.8478,-0.45
2005,3.4836,-0.4583
2006,2.7845,-0.475
2007,2.0039,0.0083
2008,0.1136,1.1833
2009,-2.5765,3.4833
2010,2.6952,0.325
2011,1.5644,-0.675
2012,2.2891,-0.8583
2013,2.1178,-0.7167
2014,2.5238,-1.2
2015,2.9455,-0.8833
2016,1.8195,-0.4
2017,2.4576,-0.5167
2018,2.9665,-0.4667
2019,2.5838,-0.2167
2020,-2.0814,4.425
2021,6.2683,-2.75
2022,2.4296,-1.7
2023,2.9186,-0.025
2024,2.9517,0.4
""""""

df = pd.read_csv(io.StringIO(data))

# Calculate Okun's Law coefficient
sum_product = np.sum(df['gdp_growth'] * df['unemp_change'])
sum_squared = np.sum(df['unemp_change']**2)

okun_coefficient = sum_product / sum_squared
print(f""Okun's Law coefficient for 1960-2024: {okun_coefficient}"")
```

This code calculates an approximate Okun's Law coefficient of -0.525 for the 1960-2024 period. Note that the actual coefficient will vary based on the time period and country.

Answer:

Cannot be determined from the given dataset."
